Nest,NestID,Month,Super,Geo,Sample,mg,Ants,Avg,SA,LT50a, LT50d,Reb_Alkanes,Reb_Alkenes,Reb_Malkanes,Reb_TotalCHCs,X1675,X1700,X1760,X1780,X1800,X1880,X1900,X2000,X2100,X2300,X2500,X2600,X2700,X2731,X2754,X2777,X2800,X2900,X2931,X2938,X2954,X2969,X2977,X3000,X3100,X3125,X3149,X3158,X3167,X3175,X3183,X3192,X3200,X3225,X3258,X3283,X3300,X3309,X3327,X3345,X3355,X3373,X3382,X3391,X3400,X3409,X3427,X3455,X3482,X3491,X3492,X3509,X3527,X3545,X3575,X3578,X3591,X3600,X3620,X3650,X3690,X3697,X3727,X3745,X3764,X3773,X3782,X3800,X3822,X3844,X3927,X3945,SumL,SumAke,SumMo,SumDi,SumTri,SumMAlka,SumCHC,wChain,pL,pAke,pMo,pDi,pTri,pMethyl,pAlkaAlke
Albany Bulb,AB,January,large,north,ABJ1,3.1,18,0.172222222,3.374058618,22.91715411,13.07798409,68.08098078,12.069904,238.5309236,318.6818084,0.367742214,2.46876963,1.230814324,1.776036217,1.761238492,10.3711365,2.967183229,5.589510305,6.281646857,9.276858515,6.212955479,3.176096912,16.42151598,1.811176992,1.84887644,3.720694205,3.017360304,6.384343212,1.681419652,1.331025291,1.217869689,2.015764061,1.792062524,2.176814781,1.467893896,2.962594106,1.315123752,0.864258456,1.156174571,1.556249323,0,0,6.219556845,2.667985325,0.559991751,1.033329488,0.878793193,2.370001531,2.092716414,1.859340061,0,7.250162697,0,0,22.531361,0,5.444011931,1.697756442,1.165654993,1.283342745,1.923103965,4.750994823,4.083336366,4.786544931,13.81039083,0,0,60.2741604,10.9743773,2.434919537,4.428460406,4.303859281,3.144449554,6.002843188,1.71054374,5.249366879,1.088325385,18.37403831,5.781186666,1.934002324,0.748164174,1.603530004,73.18054774,12.06990401,37.29824204,44.04543006,152.0876846,233.4313566,318.6818084,4.539967154,0.229635159,0.037874468,0.117039131,0.13821131,0.477239932,0.732490373,0.267509627
Albany Bulb,AB,January,large,north,ABJ2,3,19,0.157894737,3.184233698,20.17921048,15.48752322,68.08098078,12.069904,238.5309236,318.6818084,0.367742214,2.46876963,1.230814324,1.776036217,1.761238492,10.3711365,2.967183229,5.589510305,6.281646857,9.276858515,6.212955479,3.176096912,16.42151598,1.811176992,1.84887644,3.720694205,3.017360304,6.384343212,1.681419652,1.331025291,1.217869689,2.015764061,1.792062524,2.176814781,1.467893896,2.962594106,1.315123752,0.864258456,1.156174571,1.556249323,0,0,6.219556845,2.667985325,0.559991751,1.033329488,0.878793193,2.370001531,2.092716414,1.859340061,0,7.250162697,0,0,22.531361,0,5.444011931,1.697756442,1.165654993,1.283342745,1.923103965,4.750994823,4.083336366,4.786544931,13.81039083,0,0,60.2741604,10.9743773,2.434919537,4.428460406,4.303859281,3.144449554,6.002843188,1.71054374,5.249366879,1.088325385,18.37403831,5.781186666,1.934002324,0.748164174,1.603530004,73.18054774,12.06990401,37.29824204,44.04543006,152.0876846,233.4313566,318.6818084,4.539967154,0.229635159,0.037874468,0.117039131,0.13821131,0.477239932,0.732490373,0.267509627
Albany Bulb,AB,January,large,north,ABJ3,2.7,19,0.142105263,2.968246332,20.36353572,13.04158852,68.08098078,12.069904,238.5309236,318.6818084,0.367742214,2.46876963,1.230814324,1.776036217,1.761238492,10.3711365,2.967183229,5.589510305,6.281646857,9.276858515,6.212955479,3.176096912,16.42151598,1.811176992,1.84887644,3.720694205,3.017360304,6.384343212,1.681419652,1.331025291,1.217869689,2.015764061,1.792062524,2.176814781,1.467893896,2.962594106,1.315123752,0.864258456,1.156174571,1.556249323,0,0,6.219556845,2.667985325,0.559991751,1.033329488,0.878793193,2.370001531,2.092716414,1.859340061,0,7.250162697,0,0,22.531361,0,5.444011931,1.697756442,1.165654993,1.283342745,1.923103965,4.750994823,4.083336366,4.786544931,13.81039083,0,0,60.2741604,10.9743773,2.434919537,4.428460406,4.303859281,3.144449554,6.002843188,1.71054374,5.249366879,1.088325385,18.37403831,5.781186666,1.934002324,0.748164174,1.603530004,73.18054774,12.06990401,37.29824204,44.04543006,152.0876846,233.4313566,318.6818084,4.539967154,0.229635159,0.037874468,0.117039131,0.13821131,0.477239932,0.732490373,0.267509627
Albany Bulb,AB,January,large,north,ABJ4,2.9,20,0.145,3.008420223,19.88318969,12.58408007,68.08098078,12.069904,238.5309236,318.6818084,0.367742214,2.46876963,1.230814324,1.776036217,1.761238492,10.3711365,2.967183229,5.589510305,6.281646857,9.276858515,6.212955479,3.176096912,16.42151598,1.811176992,1.84887644,3.720694205,3.017360304,6.384343212,1.681419652,1.331025291,1.217869689,2.015764061,1.792062524,2.176814781,1.467893896,2.962594106,1.315123752,0.864258456,1.156174571,1.556249323,0,0,6.219556845,2.667985325,0.559991751,1.033329488,0.878793193,2.370001531,2.092716414,1.859340061,0,7.250162697,0,0,22.531361,0,5.444011931,1.697756442,1.165654993,1.283342745,1.923103965,4.750994823,4.083336366,4.786544931,13.81039083,0,0,60.2741604,10.9743773,2.434919537,4.428460406,4.303859281,3.144449554,6.002843188,1.71054374,5.249366879,1.088325385,18.37403831,5.781186666,1.934002324,0.748164174,1.603530004,73.18054774,12.06990401,37.29824204,44.04543006,152.0876846,233.4313566,318.6818084,4.539967154,0.229635159,0.037874468,0.117039131,0.13821131,0.477239932,0.732490373,0.267509627
Albany Bulb,AB,January,large,north,ABJ5,3.1,20,0.155,3.145195387,18.74444163,16.2160717,68.08098078,12.069904,238.5309236,318.6818084,0.367742214,2.46876963,1.230814324,1.776036217,1.761238492,10.3711365,2.967183229,5.589510305,6.281646857,9.276858515,6.212955479,3.176096912,16.42151598,1.811176992,1.84887644,3.720694205,3.017360304,6.384343212,1.681419652,1.331025291,1.217869689,2.015764061,1.792062524,2.176814781,1.467893896,2.962594106,1.315123752,0.864258456,1.156174571,1.556249323,0,0,6.219556845,2.667985325,0.559991751,1.033329488,0.878793193,2.370001531,2.092716414,1.859340061,0,7.250162697,0,0,22.531361,0,5.444011931,1.697756442,1.165654993,1.283342745,1.923103965,4.750994823,4.083336366,4.786544931,13.81039083,0,0,60.2741604,10.9743773,2.434919537,4.428460406,4.303859281,3.144449554,6.002843188,1.71054374,5.249366879,1.088325385,18.37403831,5.781186666,1.934002324,0.748164174,1.603530004,73.18054774,12.06990401,37.29824204,44.04543006,152.0876846,233.4313566,318.6818084,4.539967154,0.229635159,0.037874468,0.117039131,0.13821131,0.477239932,0.732490373,0.267509627
Albany Bulb,AB,January,large,north,ABJ6,2.4,19,0.126315789,2.744089407,22.51747046,11.96440671,68.08098078,12.069904,238.5309236,318.6818084,0.367742214,2.46876963,1.230814324,1.776036217,1.761238492,10.3711365,2.967183229,5.589510305,6.281646857,9.276858515,6.212955479,3.176096912,16.42151598,1.811176992,1.84887644,3.720694205,3.017360304,6.384343212,1.681419652,1.331025291,1.217869689,2.015764061,1.792062524,2.176814781,1.467893896,2.962594106,1.315123752,0.864258456,1.156174571,1.556249323,0,0,6.219556845,2.667985325,0.559991751,1.033329488,0.878793193,2.370001531,2.092716414,1.859340061,0,7.250162697,0,0,22.531361,0,5.444011931,1.697756442,1.165654993,1.283342745,1.923103965,4.750994823,4.083336366,4.786544931,13.81039083,0,0,60.2741604,10.9743773,2.434919537,4.428460406,4.303859281,3.144449554,6.002843188,1.71054374,5.249366879,1.088325385,18.37403831,5.781186666,1.934002324,0.748164174,1.603530004,73.18054774,12.06990401,37.29824204,44.04543006,152.0876846,233.4313566,318.6818084,4.539967154,0.229635159,0.037874468,0.117039131,0.13821131,0.477239932,0.732490373,0.267509627
Albany Bulb,AB,January,large,north,ABJ7,3.1,20,0.155,3.145195387,18.07732854,13.55609115,68.08098078,12.069904,238.5309236,318.6818084,0.367742214,2.46876963,1.230814324,1.776036217,1.761238492,10.3711365,2.967183229,5.589510305,6.281646857,9.276858515,6.212955479,3.176096912,16.42151598,1.811176992,1.84887644,3.720694205,3.017360304,6.384343212,1.681419652,1.331025291,1.217869689,2.015764061,1.792062524,2.176814781,1.467893896,2.962594106,1.315123752,0.864258456,1.156174571,1.556249323,0,0,6.219556845,2.667985325,0.559991751,1.033329488,0.878793193,2.370001531,2.092716414,1.859340061,0,7.250162697,0,0,22.531361,0,5.444011931,1.697756442,1.165654993,1.283342745,1.923103965,4.750994823,4.083336366,4.786544931,13.81039083,0,0,60.2741604,10.9743773,2.434919537,4.428460406,4.303859281,3.144449554,6.002843188,1.71054374,5.249366879,1.088325385,18.37403831,5.781186666,1.934002324,0.748164174,1.603530004,73.18054774,12.06990401,37.29824204,44.04543006,152.0876846,233.4313566,318.6818084,4.539967154,0.229635159,0.037874468,0.117039131,0.13821131,0.477239932,0.732490373,0.267509627
Albany Bulb,AB,January,large,north,ABJ8,2.7,20,0.135,2.868461401,20.13077304,12.64659071,68.08098078,12.069904,238.5309236,318.6818084,0.367742214,2.46876963,1.230814324,1.776036217,1.761238492,10.3711365,2.967183229,5.589510305,6.281646857,9.276858515,6.212955479,3.176096912,16.42151598,1.811176992,1.84887644,3.720694205,3.017360304,6.384343212,1.681419652,1.331025291,1.217869689,2.015764061,1.792062524,2.176814781,1.467893896,2.962594106,1.315123752,0.864258456,1.156174571,1.556249323,0,0,6.219556845,2.667985325,0.559991751,1.033329488,0.878793193,2.370001531,2.092716414,1.859340061,0,7.250162697,0,0,22.531361,0,5.444011931,1.697756442,1.165654993,1.283342745,1.923103965,4.750994823,4.083336366,4.786544931,13.81039083,0,0,60.2741604,10.9743773,2.434919537,4.428460406,4.303859281,3.144449554,6.002843188,1.71054374,5.249366879,1.088325385,18.37403831,5.781186666,1.934002324,0.748164174,1.603530004,73.18054774,12.06990401,37.29824204,44.04543006,152.0876846,233.4313566,318.6818084,4.539967154,0.229635159,0.037874468,0.117039131,0.13821131,0.477239932,0.732490373,0.267509627
Albany Bulb,AB,January,large,north,ABJ9,2.7,20,0.135,2.868461401,18.66362462,14.2526475,68.08098078,12.069904,238.5309236,318.6818084,0.367742214,2.46876963,1.230814324,1.776036217,1.761238492,10.3711365,2.967183229,5.589510305,6.281646857,9.276858515,6.212955479,3.176096912,16.42151598,1.811176992,1.84887644,3.720694205,3.017360304,6.384343212,1.681419652,1.331025291,1.217869689,2.015764061,1.792062524,2.176814781,1.467893896,2.962594106,1.315123752,0.864258456,1.156174571,1.556249323,0,0,6.219556845,2.667985325,0.559991751,1.033329488,0.878793193,2.370001531,2.092716414,1.859340061,0,7.250162697,0,0,22.531361,0,5.444011931,1.697756442,1.165654993,1.283342745,1.923103965,4.750994823,4.083336366,4.786544931,13.81039083,0,0,60.2741604,10.9743773,2.434919537,4.428460406,4.303859281,3.144449554,6.002843188,1.71054374,5.249366879,1.088325385,18.37403831,5.781186666,1.934002324,0.748164174,1.603530004,73.18054774,12.06990401,37.29824204,44.04543006,152.0876846,233.4313566,318.6818084,4.539967154,0.229635159,0.037874468,0.117039131,0.13821131,0.477239932,0.732490373,0.267509627
Albany Bulb,AB,January,large,north,ABJ10,3.1,20,0.155,3.145195387,15.27091914,16.41299065,68.08098078,12.069904,238.5309236,318.6818084,0.367742214,2.46876963,1.230814324,1.776036217,1.761238492,10.3711365,2.967183229,5.589510305,6.281646857,9.276858515,6.212955479,3.176096912,16.42151598,1.811176992,1.84887644,3.720694205,3.017360304,6.384343212,1.681419652,1.331025291,1.217869689,2.015764061,1.792062524,2.176814781,1.467893896,2.962594106,1.315123752,0.864258456,1.156174571,1.556249323,0,0,6.219556845,2.667985325,0.559991751,1.033329488,0.878793193,2.370001531,2.092716414,1.859340061,0,7.250162697,0,0,22.531361,0,5.444011931,1.697756442,1.165654993,1.283342745,1.923103965,4.750994823,4.083336366,4.786544931,13.81039083,0,0,60.2741604,10.9743773,2.434919537,4.428460406,4.303859281,3.144449554,6.002843188,1.71054374,5.249366879,1.088325385,18.37403831,5.781186666,1.934002324,0.748164174,1.603530004,73.18054774,12.06990401,37.29824204,44.04543006,152.0876846,233.4313566,318.6818084,4.539967154,0.229635159,0.037874468,0.117039131,0.13821131,0.477239932,0.732490373,0.267509627
Davis,DA,April,large,north,DAA1,3.3,20,0.165,3.279058218,31.01624866,13.5344137,69.9604809,13.24569944,314.93508,398.1412603,0.79021922,5.634821083,1.282847608,1.578594276,1.696402325,11.88609677,4.557692495,4.524593058,5.009705816,7.150831375,6.074800788,3.000470742,17.18870577,1.594417303,1.700481508,4.945966171,3.06592666,6.544425297,1.720838512,1.030793075,1.334421751,2.580577746,1.812718388,1.621389385,1.340567426,3.830020423,2.560137618,1.731489893,1.311083621,2.509390098,0,0,8.654310198,4.112311487,1.294577343,1.783218279,1.050725577,2.06159473,4.021178628,3.403753951,0,13.18921608,0,0,39.45170519,0,8.744823737,2.106325106,2.104920362,2.397500983,3.253413555,8.657033676,7.79982668,9.502927233,23.91812199,0,0,112.2489398,25.38049108,5.349882907,7.085700268,8.716968802,6.600915889,13.55413633,3.034713338,10.92390901,2.338281373,42.57437691,13.67871027,4.628571805,2.018697209,4.139758732,75.34367831,13.70710907,59.13834536,80.63527017,292.5675618,432.3411773,521.3919647,7.728448329,0.14450487,0.026289452,0.113423968,0.154653841,0.561127868,0.829205677,0.170794323
Davis,DA,April,large,north,DAA2,3.2,20,0.16,3.212475467,35.46206583,11.08590998,69.9604809,13.24569944,314.93508,398.1412603,0.79021922,5.634821083,1.282847608,1.578594276,1.696402325,11.88609677,4.557692495,4.524593058,5.009705816,7.150831375,6.074800788,3.000470742,17.18870577,1.594417303,1.700481508,4.945966171,3.06592666,6.544425297,1.720838512,1.030793075,1.334421751,2.580577746,1.812718388,1.621389385,1.340567426,3.830020423,2.560137618,1.731489893,1.311083621,2.509390098,0,0,8.654310198,4.112311487,1.294577343,1.783218279,1.050725577,2.06159473,4.021178628,3.403753951,0,13.18921608,0,0,39.45170519,0,8.744823737,2.106325106,2.104920362,2.397500983,3.253413555,8.657033676,7.79982668,9.502927233,23.91812199,0,0,112.2489398,25.38049108,5.349882907,7.085700268,8.716968802,6.600915889,13.55413633,3.034713338,10.92390901,2.338281373,42.57437691,13.67871027,4.628571805,2.018697209,4.139758732,75.34367831,13.70710907,59.13834536,80.63527017,292.5675618,432.3411773,521.3919647,7.728448329,0.14450487,0.026289452,0.113423968,0.154653841,0.561127868,0.829205677,0.170794323
Davis,DA,April,large,north,DAA3,2.8,20,0.14,2.938857455,33.4604356,12.23458527,69.9604809,13.24569944,314.93508,398.1412603,0.79021922,5.634821083,1.282847608,1.578594276,1.696402325,11.88609677,4.557692495,4.524593058,5.009705816,7.150831375,6.074800788,3.000470742,17.18870577,1.594417303,1.700481508,4.945966171,3.06592666,6.544425297,1.720838512,1.030793075,1.334421751,2.580577746,1.812718388,1.621389385,1.340567426,3.830020423,2.560137618,1.731489893,1.311083621,2.509390098,0,0,8.654310198,4.112311487,1.294577343,1.783218279,1.050725577,2.06159473,4.021178628,3.403753951,0,13.18921608,0,0,39.45170519,0,8.744823737,2.106325106,2.104920362,2.397500983,3.253413555,8.657033676,7.79982668,9.502927233,23.91812199,0,0,112.2489398,25.38049108,5.349882907,7.085700268,8.716968802,6.600915889,13.55413633,3.034713338,10.92390901,2.338281373,42.57437691,13.67871027,4.628571805,2.018697209,4.139758732,75.34367831,13.70710907,59.13834536,80.63527017,292.5675618,432.3411773,521.3919647,7.728448329,0.14450487,0.026289452,0.113423968,0.154653841,0.561127868,0.829205677,0.170794323
Davis,DA,April,large,north,DAA4,2.9,20,0.145,3.008420223,29.31519219,13.22157242,69.9604809,13.24569944,314.93508,398.1412603,0.79021922,5.634821083,1.282847608,1.578594276,1.696402325,11.88609677,4.557692495,4.524593058,5.009705816,7.150831375,6.074800788,3.000470742,17.18870577,1.594417303,1.700481508,4.945966171,3.06592666,6.544425297,1.720838512,1.030793075,1.334421751,2.580577746,1.812718388,1.621389385,1.340567426,3.830020423,2.560137618,1.731489893,1.311083621,2.509390098,0,0,8.654310198,4.112311487,1.294577343,1.783218279,1.050725577,2.06159473,4.021178628,3.403753951,0,13.18921608,0,0,39.45170519,0,8.744823737,2.106325106,2.104920362,2.397500983,3.253413555,8.657033676,7.79982668,9.502927233,23.91812199,0,0,112.2489398,25.38049108,5.349882907,7.085700268,8.716968802,6.600915889,13.55413633,3.034713338,10.92390901,2.338281373,42.57437691,13.67871027,4.628571805,2.018697209,4.139758732,75.34367831,13.70710907,59.13834536,80.63527017,292.5675618,432.3411773,521.3919647,7.728448329,0.14450487,0.026289452,0.113423968,0.154653841,0.561127868,0.829205677,0.170794323
Davis,DA,April,large,north,DAA5,2.8,20,0.14,2.938857455,32.77988198,9.409389699,69.9604809,13.24569944,314.93508,398.1412603,0.79021922,5.634821083,1.282847608,1.578594276,1.696402325,11.88609677,4.557692495,4.524593058,5.009705816,7.150831375,6.074800788,3.000470742,17.18870577,1.594417303,1.700481508,4.945966171,3.06592666,6.544425297,1.720838512,1.030793075,1.334421751,2.580577746,1.812718388,1.621389385,1.340567426,3.830020423,2.560137618,1.731489893,1.311083621,2.509390098,0,0,8.654310198,4.112311487,1.294577343,1.783218279,1.050725577,2.06159473,4.021178628,3.403753951,0,13.18921608,0,0,39.45170519,0,8.744823737,2.106325106,2.104920362,2.397500983,3.253413555,8.657033676,7.79982668,9.502927233,23.91812199,0,0,112.2489398,25.38049108,5.349882907,7.085700268,8.716968802,6.600915889,13.55413633,3.034713338,10.92390901,2.338281373,42.57437691,13.67871027,4.628571805,2.018697209,4.139758732,75.34367831,13.70710907,59.13834536,80.63527017,292.5675618,432.3411773,521.3919647,7.728448329,0.14450487,0.026289452,0.113423968,0.154653841,0.561127868,0.829205677,0.170794323
Davis,DA,April,large,north,DAA6,3.3,20,0.165,3.279058218,18.2854863,11.99192651,69.9604809,13.24569944,314.93508,398.1412603,0.79021922,5.634821083,1.282847608,1.578594276,1.696402325,11.88609677,4.557692495,4.524593058,5.009705816,7.150831375,6.074800788,3.000470742,17.18870577,1.594417303,1.700481508,4.945966171,3.06592666,6.544425297,1.720838512,1.030793075,1.334421751,2.580577746,1.812718388,1.621389385,1.340567426,3.830020423,2.560137618,1.731489893,1.311083621,2.509390098,0,0,8.654310198,4.112311487,1.294577343,1.783218279,1.050725577,2.06159473,4.021178628,3.403753951,0,13.18921608,0,0,39.45170519,0,8.744823737,2.106325106,2.104920362,2.397500983,3.253413555,8.657033676,7.79982668,9.502927233,23.91812199,0,0,112.2489398,25.38049108,5.349882907,7.085700268,8.716968802,6.600915889,13.55413633,3.034713338,10.92390901,2.338281373,42.57437691,13.67871027,4.628571805,2.018697209,4.139758732,75.34367831,13.70710907,59.13834536,80.63527017,292.5675618,432.3411773,521.3919647,7.728448329,0.14450487,0.026289452,0.113423968,0.154653841,0.561127868,0.829205677,0.170794323
Davis,DA,April,large,north,DAA7,3.1,20,0.155,3.145195387,26.06001349,10.70979959,69.9604809,13.24569944,314.93508,398.1412603,0.79021922,5.634821083,1.282847608,1.578594276,1.696402325,11.88609677,4.557692495,4.524593058,5.009705816,7.150831375,6.074800788,3.000470742,17.18870577,1.594417303,1.700481508,4.945966171,3.06592666,6.544425297,1.720838512,1.030793075,1.334421751,2.580577746,1.812718388,1.621389385,1.340567426,3.830020423,2.560137618,1.731489893,1.311083621,2.509390098,0,0,8.654310198,4.112311487,1.294577343,1.783218279,1.050725577,2.06159473,4.021178628,3.403753951,0,13.18921608,0,0,39.45170519,0,8.744823737,2.106325106,2.104920362,2.397500983,3.253413555,8.657033676,7.79982668,9.502927233,23.91812199,0,0,112.2489398,25.38049108,5.349882907,7.085700268,8.716968802,6.600915889,13.55413633,3.034713338,10.92390901,2.338281373,42.57437691,13.67871027,4.628571805,2.018697209,4.139758732,75.34367831,13.70710907,59.13834536,80.63527017,292.5675618,432.3411773,521.3919647,7.728448329,0.14450487,0.026289452,0.113423968,0.154653841,0.561127868,0.829205677,0.170794323
Davis,DA,April,large,north,DAA8,3.3,21,0.157142857,3.174116976,15.91613634,14.6741103,69.9604809,13.24569944,314.93508,398.1412603,0.79021922,5.634821083,1.282847608,1.578594276,1.696402325,11.88609677,4.557692495,4.524593058,5.009705816,7.150831375,6.074800788,3.000470742,17.18870577,1.594417303,1.700481508,4.945966171,3.06592666,6.544425297,1.720838512,1.030793075,1.334421751,2.580577746,1.812718388,1.621389385,1.340567426,3.830020423,2.560137618,1.731489893,1.311083621,2.509390098,0,0,8.654310198,4.112311487,1.294577343,1.783218279,1.050725577,2.06159473,4.021178628,3.403753951,0,13.18921608,0,0,39.45170519,0,8.744823737,2.106325106,2.104920362,2.397500983,3.253413555,8.657033676,7.79982668,9.502927233,23.91812199,0,0,112.2489398,25.38049108,5.349882907,7.085700268,8.716968802,6.600915889,13.55413633,3.034713338,10.92390901,2.338281373,42.57437691,13.67871027,4.628571805,2.018697209,4.139758732,75.34367831,13.70710907,59.13834536,80.63527017,292.5675618,432.3411773,521.3919647,7.728448329,0.14450487,0.026289452,0.113423968,0.154653841,0.561127868,0.829205677,0.170794323
Davis,DA,April,large,north,DAA9,3,20,0.15,3.077187814,26.45192789,9.341294609,69.9604809,13.24569944,314.93508,398.1412603,0.79021922,5.634821083,1.282847608,1.578594276,1.696402325,11.88609677,4.557692495,4.524593058,5.009705816,7.150831375,6.074800788,3.000470742,17.18870577,1.594417303,1.700481508,4.945966171,3.06592666,6.544425297,1.720838512,1.030793075,1.334421751,2.580577746,1.812718388,1.621389385,1.340567426,3.830020423,2.560137618,1.731489893,1.311083621,2.509390098,0,0,8.654310198,4.112311487,1.294577343,1.783218279,1.050725577,2.06159473,4.021178628,3.403753951,0,13.18921608,0,0,39.45170519,0,8.744823737,2.106325106,2.104920362,2.397500983,3.253413555,8.657033676,7.79982668,9.502927233,23.91812199,0,0,112.2489398,25.38049108,5.349882907,7.085700268,8.716968802,6.600915889,13.55413633,3.034713338,10.92390901,2.338281373,42.57437691,13.67871027,4.628571805,2.018697209,4.139758732,75.34367831,13.70710907,59.13834536,80.63527017,292.5675618,432.3411773,521.3919647,7.728448329,0.14450487,0.026289452,0.113423968,0.154653841,0.561127868,0.829205677,0.170794323
Davis,DA,April,large,north,DAA10,3.3,20,0.165,3.279058218,30.88058578,11.29543294,69.9604809,13.24569944,314.93508,398.1412603,0.79021922,5.634821083,1.282847608,1.578594276,1.696402325,11.88609677,4.557692495,4.524593058,5.009705816,7.150831375,6.074800788,3.000470742,17.18870577,1.594417303,1.700481508,4.945966171,3.06592666,6.544425297,1.720838512,1.030793075,1.334421751,2.580577746,1.812718388,1.621389385,1.340567426,3.830020423,2.560137618,1.731489893,1.311083621,2.509390098,0,0,8.654310198,4.112311487,1.294577343,1.783218279,1.050725577,2.06159473,4.021178628,3.403753951,0,13.18921608,0,0,39.45170519,0,8.744823737,2.106325106,2.104920362,2.397500983,3.253413555,8.657033676,7.79982668,9.502927233,23.91812199,0,0,112.2489398,25.38049108,5.349882907,7.085700268,8.716968802,6.600915889,13.55413633,3.034713338,10.92390901,2.338281373,42.57437691,13.67871027,4.628571805,2.018697209,4.139758732,75.34367831,13.70710907,59.13834536,80.63527017,292.5675618,432.3411773,521.3919647,7.728448329,0.14450487,0.026289452,0.113423968,0.154653841,0.561127868,0.829205677,0.170794323
Lake Hodges,LH,February,small-LH,south,LHF1,1.9,20,0.095,2.26938877,9.420715499,6.707279958,64.87984092,11.8282712,292.3600778,369.0681899,0.400304951,4.69327638,0.732391202,0.993791282,1.076148564,10.65782809,2.244219249,2.598385602,6.449448206,6.269226342,5.813504546,2.45010121,18.21453783,3.096876114,2.162855924,5.066285687,2.353633204,5.969693993,2.499550653,0.770138156,1.272397372,2.678737321,2.241857449,3.230148108,1.346444828,5.755153205,2.766070567,2.945010771,1.144272943,2.354254517,4.432167003,10.18978479,14.56053633,9.489195177,2.963663034,2.088990653,2.17107286,3.043477893,8.755440621,4.276537689,4.058542864,6.598830627,8.600673977,12.62194616,23.33282959,7.89737749,10.92181382,4.116443995,2.605412295,2.280885812,0.146854641,3.226049455,7.304256643,9.539804164,0.332514689,14.9122601,6.582207077,24.51333974,7.635603827,2.776147436,2.489558663,1.072685732,2.720186706,8.025184237,0.233760042,6.089828074,2.044554522,6.691333537,2.579086267,1.494223724,1.061385038,2.345198605,75.36146403,11.8282712,51.51391416,59.08238312,171.2821574,281.8784546,369.0681899,5.232501738,0.204193876,0.032049013,0.13957831,0.160085276,0.464093525,0.763757112,0.236242888
Lake Hodges,LH,February,small-LH,south,LHF2,2.3,20,0.115,2.577656593,11.88261886,8.637487629,64.87984092,11.8282712,292.3600778,369.0681899,0.400304951,4.69327638,0.732391202,0.993791282,1.076148564,10.65782809,2.244219249,2.598385602,6.449448206,6.269226342,5.813504546,2.45010121,18.21453783,3.096876114,2.162855924,5.066285687,2.353633204,5.969693993,2.499550653,0.770138156,1.272397372,2.678737321,2.241857449,3.230148108,1.346444828,5.755153205,2.766070567,2.945010771,1.144272943,2.354254517,4.432167003,10.18978479,14.56053633,9.489195177,2.963663034,2.088990653,2.17107286,3.043477893,8.755440621,4.276537689,4.058542864,6.598830627,8.600673977,12.62194616,23.33282959,7.89737749,10.92181382,4.116443995,2.605412295,2.280885812,0.146854641,3.226049455,7.304256643,9.539804164,0.332514689,14.9122601,6.582207077,24.51333974,7.635603827,2.776147436,2.489558663,1.072685732,2.720186706,8.025184237,0.233760042,6.089828074,2.044554522,6.691333537,2.579086267,1.494223724,1.061385038,2.345198605,75.36146403,11.8282712,51.51391416,59.08238312,171.2821574,281.8784546,369.0681899,5.232501738,0.204193876,0.032049013,0.13957831,0.160085276,0.464093525,0.763757112,0.236242888
Lake Hodges,LH,February,small-LH,south,LHF3,2.2,20,0.11,2.502389763,12.61946085,7.026447861,64.87984092,11.8282712,292.3600778,369.0681899,0.400304951,4.69327638,0.732391202,0.993791282,1.076148564,10.65782809,2.244219249,2.598385602,6.449448206,6.269226342,5.813504546,2.45010121,18.21453783,3.096876114,2.162855924,5.066285687,2.353633204,5.969693993,2.499550653,0.770138156,1.272397372,2.678737321,2.241857449,3.230148108,1.346444828,5.755153205,2.766070567,2.945010771,1.144272943,2.354254517,4.432167003,10.18978479,14.56053633,9.489195177,2.963663034,2.088990653,2.17107286,3.043477893,8.755440621,4.276537689,4.058542864,6.598830627,8.600673977,12.62194616,23.33282959,7.89737749,10.92181382,4.116443995,2.605412295,2.280885812,0.146854641,3.226049455,7.304256643,9.539804164,0.332514689,14.9122601,6.582207077,24.51333974,7.635603827,2.776147436,2.489558663,1.072685732,2.720186706,8.025184237,0.233760042,6.089828074,2.044554522,6.691333537,2.579086267,1.494223724,1.061385038,2.345198605,75.36146403,11.8282712,51.51391416,59.08238312,171.2821574,281.8784546,369.0681899,5.232501738,0.204193876,0.032049013,0.13957831,0.160085276,0.464093525,0.763757112,0.236242888
Lake Hodges,LH,February,small-LH,south,LHF4,2.3,21,0.10952381,2.495162645,6.611517425,7.451719758,64.87984092,11.8282712,292.3600778,369.0681899,0.400304951,4.69327638,0.732391202,0.993791282,1.076148564,10.65782809,2.244219249,2.598385602,6.449448206,6.269226342,5.813504546,2.45010121,18.21453783,3.096876114,2.162855924,5.066285687,2.353633204,5.969693993,2.499550653,0.770138156,1.272397372,2.678737321,2.241857449,3.230148108,1.346444828,5.755153205,2.766070567,2.945010771,1.144272943,2.354254517,4.432167003,10.18978479,14.56053633,9.489195177,2.963663034,2.088990653,2.17107286,3.043477893,8.755440621,4.276537689,4.058542864,6.598830627,8.600673977,12.62194616,23.33282959,7.89737749,10.92181382,4.116443995,2.605412295,2.280885812,0.146854641,3.226049455,7.304256643,9.539804164,0.332514689,14.9122601,6.582207077,24.51333974,7.635603827,2.776147436,2.489558663,1.072685732,2.720186706,8.025184237,0.233760042,6.089828074,2.044554522,6.691333537,2.579086267,1.494223724,1.061385038,2.345198605,75.36146403,11.8282712,51.51391416,59.08238312,171.2821574,281.8784546,369.0681899,5.232501738,0.204193876,0.032049013,0.13957831,0.160085276,0.464093525,0.763757112,0.236242888
Lake Hodges,LH,February,small-LH,south,LHF5,2.1,20,0.105,2.425973378,8.720831045,5.791456187,64.87984092,11.8282712,292.3600778,369.0681899,0.400304951,4.69327638,0.732391202,0.993791282,1.076148564,10.65782809,2.244219249,2.598385602,6.449448206,6.269226342,5.813504546,2.45010121,18.21453783,3.096876114,2.162855924,5.066285687,2.353633204,5.969693993,2.499550653,0.770138156,1.272397372,2.678737321,2.241857449,3.230148108,1.346444828,5.755153205,2.766070567,2.945010771,1.144272943,2.354254517,4.432167003,10.18978479,14.56053633,9.489195177,2.963663034,2.088990653,2.17107286,3.043477893,8.755440621,4.276537689,4.058542864,6.598830627,8.600673977,12.62194616,23.33282959,7.89737749,10.92181382,4.116443995,2.605412295,2.280885812,0.146854641,3.226049455,7.304256643,9.539804164,0.332514689,14.9122601,6.582207077,24.51333974,7.635603827,2.776147436,2.489558663,1.072685732,2.720186706,8.025184237,0.233760042,6.089828074,2.044554522,6.691333537,2.579086267,1.494223724,1.061385038,2.345198605,75.36146403,11.8282712,51.51391416,59.08238312,171.2821574,281.8784546,369.0681899,5.232501738,0.204193876,0.032049013,0.13957831,0.160085276,0.464093525,0.763757112,0.236242888
Lake Hodges,LH,February,small-LH,south,LHF6,2.1,19,0.110526316,2.510365519,8.932688212,7.732892168,64.87984092,11.8282712,292.3600778,369.0681899,0.400304951,4.69327638,0.732391202,0.993791282,1.076148564,10.65782809,2.244219249,2.598385602,6.449448206,6.269226342,5.813504546,2.45010121,18.21453783,3.096876114,2.162855924,5.066285687,2.353633204,5.969693993,2.499550653,0.770138156,1.272397372,2.678737321,2.241857449,3.230148108,1.346444828,5.755153205,2.766070567,2.945010771,1.144272943,2.354254517,4.432167003,10.18978479,14.56053633,9.489195177,2.963663034,2.088990653,2.17107286,3.043477893,8.755440621,4.276537689,4.058542864,6.598830627,8.600673977,12.62194616,23.33282959,7.89737749,10.92181382,4.116443995,2.605412295,2.280885812,0.146854641,3.226049455,7.304256643,9.539804164,0.332514689,14.9122601,6.582207077,24.51333974,7.635603827,2.776147436,2.489558663,1.072685732,2.720186706,8.025184237,0.233760042,6.089828074,2.044554522,6.691333537,2.579086267,1.494223724,1.061385038,2.345198605,75.36146403,11.8282712,51.51391416,59.08238312,171.2821574,281.8784546,369.0681899,5.232501738,0.204193876,0.032049013,0.13957831,0.160085276,0.464093525,0.763757112,0.236242888
Lake Hodges,LH,February,small-LH,south,LHF7,1.9,18,0.105555556,2.434523081,10.22830548,3.16603605,64.87984092,11.8282712,292.3600778,369.0681899,0.400304951,4.69327638,0.732391202,0.993791282,1.076148564,10.65782809,2.244219249,2.598385602,6.449448206,6.269226342,5.813504546,2.45010121,18.21453783,3.096876114,2.162855924,5.066285687,2.353633204,5.969693993,2.499550653,0.770138156,1.272397372,2.678737321,2.241857449,3.230148108,1.346444828,5.755153205,2.766070567,2.945010771,1.144272943,2.354254517,4.432167003,10.18978479,14.56053633,9.489195177,2.963663034,2.088990653,2.17107286,3.043477893,8.755440621,4.276537689,4.058542864,6.598830627,8.600673977,12.62194616,23.33282959,7.89737749,10.92181382,4.116443995,2.605412295,2.280885812,0.146854641,3.226049455,7.304256643,9.539804164,0.332514689,14.9122601,6.582207077,24.51333974,7.635603827,2.776147436,2.489558663,1.072685732,2.720186706,8.025184237,0.233760042,6.089828074,2.044554522,6.691333537,2.579086267,1.494223724,1.061385038,2.345198605,75.36146403,11.8282712,51.51391416,59.08238312,171.2821574,281.8784546,369.0681899,5.232501738,0.204193876,0.032049013,0.13957831,0.160085276,0.464093525,0.763757112,0.236242888
Lake Hodges,LH,February,small-LH,south,LHF8,2.1,20,0.105,2.425973378,10.33939135,6.404755918,64.87984092,11.8282712,292.3600778,369.0681899,0.400304951,4.69327638,0.732391202,0.993791282,1.076148564,10.65782809,2.244219249,2.598385602,6.449448206,6.269226342,5.813504546,2.45010121,18.21453783,3.096876114,2.162855924,5.066285687,2.353633204,5.969693993,2.499550653,0.770138156,1.272397372,2.678737321,2.241857449,3.230148108,1.346444828,5.755153205,2.766070567,2.945010771,1.144272943,2.354254517,4.432167003,10.18978479,14.56053633,9.489195177,2.963663034,2.088990653,2.17107286,3.043477893,8.755440621,4.276537689,4.058542864,6.598830627,8.600673977,12.62194616,23.33282959,7.89737749,10.92181382,4.116443995,2.605412295,2.280885812,0.146854641,3.226049455,7.304256643,9.539804164,0.332514689,14.9122601,6.582207077,24.51333974,7.635603827,2.776147436,2.489558663,1.072685732,2.720186706,8.025184237,0.233760042,6.089828074,2.044554522,6.691333537,2.579086267,1.494223724,1.061385038,2.345198605,75.36146403,11.8282712,51.51391416,59.08238312,171.2821574,281.8784546,369.0681899,5.232501738,0.204193876,0.032049013,0.13957831,0.160085276,0.464093525,0.763757112,0.236242888
Lake Hodges,LH,February,small-LH,south,LHF9,2,20,0.1,2.348333812,10.9013721,6.200551753,64.87984092,11.8282712,292.3600778,369.0681899,0.400304951,4.69327638,0.732391202,0.993791282,1.076148564,10.65782809,2.244219249,2.598385602,6.449448206,6.269226342,5.813504546,2.45010121,18.21453783,3.096876114,2.162855924,5.066285687,2.353633204,5.969693993,2.499550653,0.770138156,1.272397372,2.678737321,2.241857449,3.230148108,1.346444828,5.755153205,2.766070567,2.945010771,1.144272943,2.354254517,4.432167003,10.18978479,14.56053633,9.489195177,2.963663034,2.088990653,2.17107286,3.043477893,8.755440621,4.276537689,4.058542864,6.598830627,8.600673977,12.62194616,23.33282959,7.89737749,10.92181382,4.116443995,2.605412295,2.280885812,0.146854641,3.226049455,7.304256643,9.539804164,0.332514689,14.9122601,6.582207077,24.51333974,7.635603827,2.776147436,2.489558663,1.072685732,2.720186706,8.025184237,0.233760042,6.089828074,2.044554522,6.691333537,2.579086267,1.494223724,1.061385038,2.345198605,75.36146403,11.8282712,51.51391416,59.08238312,171.2821574,281.8784546,369.0681899,5.232501738,0.204193876,0.032049013,0.13957831,0.160085276,0.464093525,0.763757112,0.236242888
Lake Hodges,LH,February,small-LH,south,LHF10,2.1,18,0.116666667,2.60250172,10.7007326,5.896337306,64.87984092,11.8282712,292.3600778,369.0681899,0.400304951,4.69327638,0.732391202,0.993791282,1.076148564,10.65782809,2.244219249,2.598385602,6.449448206,6.269226342,5.813504546,2.45010121,18.21453783,3.096876114,2.162855924,5.066285687,2.353633204,5.969693993,2.499550653,0.770138156,1.272397372,2.678737321,2.241857449,3.230148108,1.346444828,5.755153205,2.766070567,2.945010771,1.144272943,2.354254517,4.432167003,10.18978479,14.56053633,9.489195177,2.963663034,2.088990653,2.17107286,3.043477893,8.755440621,4.276537689,4.058542864,6.598830627,8.600673977,12.62194616,23.33282959,7.89737749,10.92181382,4.116443995,2.605412295,2.280885812,0.146854641,3.226049455,7.304256643,9.539804164,0.332514689,14.9122601,6.582207077,24.51333974,7.635603827,2.776147436,2.489558663,1.072685732,2.720186706,8.025184237,0.233760042,6.089828074,2.044554522,6.691333537,2.579086267,1.494223724,1.061385038,2.345198605,75.36146403,11.8282712,51.51391416,59.08238312,171.2821574,281.8784546,369.0681899,5.232501738,0.204193876,0.032049013,0.13957831,0.160085276,0.464093525,0.763757112,0.236242888
Los Peñasquitos,LP,,large,south,LPM1,2.7,19,0.142105263,2.968246332,21.16716818,10.3771149,80.64154666,18.86427364,162.865086,262.3709064,0.570256311,4.558007327,1.619761371,1.843590336,1.672442611,16.2691547,3.481506987,5.479216965,6.014079475,9.084410912,6.834864641,4.198348611,18.74481278,3.174455412,2.426530387,5.980837745,4.663783836,10.48063156,3.096971379,2.024862638,2.234818846,3.25237556,2.166482821,1.975040874,2.399992127,6.928602223,2.815463941,2.512858279,0.955974964,2.073581997,0,0,4.510745682,3.124006001,1.086091482,0.743414587,1.054407959,2.859320901,5.682232805,2.463306106,1.590021491,6.644887113,0,0,11.075704,0,2.694454843,0.391582083,0.592814011,0.341178563,1.100495841,1.153503774,5.832448906,5.412376031,10.03925915,0.195010407,0,21.67518754,4.254799479,1.430804703,1.103705261,0.862838865,2.906344607,4.389702796,1.013087229,3.864333936,0.503466284,7.427969478,1.490136278,0.726254813,1.239883555,1.361412175,89.78713118,18.86427365,52.13948807,37.64415163,63.93586183,153.7195015,262.3709064,3.501621942,0.34221451,0.071899259,0.198724351,0.143476852,0.243685029,0.585886231,0.414113769
Los Peñasquitos,LP,,large,south,LPM2,3.1,19,0.163157895,3.254607046,21.1913966,10.0335797,80.64154666,18.86427364,162.865086,262.3709064,0.570256311,4.558007327,1.619761371,1.843590336,1.672442611,16.2691547,3.481506987,5.479216965,6.014079475,9.084410912,6.834864641,4.198348611,18.74481278,3.174455412,2.426530387,5.980837745,4.663783836,10.48063156,3.096971379,2.024862638,2.234818846,3.25237556,2.166482821,1.975040874,2.399992127,6.928602223,2.815463941,2.512858279,0.955974964,2.073581997,0,0,4.510745682,3.124006001,1.086091482,0.743414587,1.054407959,2.859320901,5.682232805,2.463306106,1.590021491,6.644887113,0,0,11.075704,0,2.694454843,0.391582083,0.592814011,0.341178563,1.100495841,1.153503774,5.832448906,5.412376031,10.03925915,0.195010407,0,21.67518754,4.254799479,1.430804703,1.103705261,0.862838865,2.906344607,4.389702796,1.013087229,3.864333936,0.503466284,7.427969478,1.490136278,0.726254813,1.239883555,1.361412175,89.78713118,18.86427365,52.13948807,37.64415163,63.93586183,153.7195015,262.3709064,3.501621942,0.34221451,0.071899259,0.198724351,0.143476852,0.243685029,0.585886231,0.414113769
Los Peñasquitos,LP,,large,south,LPM3,3.2,20,0.16,3.212475467,17.21483547,9.66126234,80.64154666,18.86427364,162.865086,262.3709064,0.570256311,4.558007327,1.619761371,1.843590336,1.672442611,16.2691547,3.481506987,5.479216965,6.014079475,9.084410912,6.834864641,4.198348611,18.74481278,3.174455412,2.426530387,5.980837745,4.663783836,10.48063156,3.096971379,2.024862638,2.234818846,3.25237556,2.166482821,1.975040874,2.399992127,6.928602223,2.815463941,2.512858279,0.955974964,2.073581997,0,0,4.510745682,3.124006001,1.086091482,0.743414587,1.054407959,2.859320901,5.682232805,2.463306106,1.590021491,6.644887113,0,0,11.075704,0,2.694454843,0.391582083,0.592814011,0.341178563,1.100495841,1.153503774,5.832448906,5.412376031,10.03925915,0.195010407,0,21.67518754,4.254799479,1.430804703,1.103705261,0.862838865,2.906344607,4.389702796,1.013087229,3.864333936,0.503466284,7.427969478,1.490136278,0.726254813,1.239883555,1.361412175,89.78713118,18.86427365,52.13948807,37.64415163,63.93586183,153.7195015,262.3709064,3.501621942,0.34221451,0.071899259,0.198724351,0.143476852,0.243685029,0.585886231,0.414113769
Los Peñasquitos,LP,,large,south,LPM4,3.2,20,0.16,3.212475467,19.00510708,11.6148896,80.64154666,18.86427364,162.865086,262.3709064,0.570256311,4.558007327,1.619761371,1.843590336,1.672442611,16.2691547,3.481506987,5.479216965,6.014079475,9.084410912,6.834864641,4.198348611,18.74481278,3.174455412,2.426530387,5.980837745,4.663783836,10.48063156,3.096971379,2.024862638,2.234818846,3.25237556,2.166482821,1.975040874,2.399992127,6.928602223,2.815463941,2.512858279,0.955974964,2.073581997,0,0,4.510745682,3.124006001,1.086091482,0.743414587,1.054407959,2.859320901,5.682232805,2.463306106,1.590021491,6.644887113,0,0,11.075704,0,2.694454843,0.391582083,0.592814011,0.341178563,1.100495841,1.153503774,5.832448906,5.412376031,10.03925915,0.195010407,0,21.67518754,4.254799479,1.430804703,1.103705261,0.862838865,2.906344607,4.389702796,1.013087229,3.864333936,0.503466284,7.427969478,1.490136278,0.726254813,1.239883555,1.361412175,89.78713118,18.86427365,52.13948807,37.64415163,63.93586183,153.7195015,262.3709064,3.501621942,0.34221451,0.071899259,0.198724351,0.143476852,0.243685029,0.585886231,0.414113769
Los Peñasquitos,LP,,large,south,LPM5,2.9,19,0.152631579,3.113073893,11.904979,12.8947462,80.64154666,18.86427364,162.865086,262.3709064,0.570256311,4.558007327,1.619761371,1.843590336,1.672442611,16.2691547,3.481506987,5.479216965,6.014079475,9.084410912,6.834864641,4.198348611,18.74481278,3.174455412,2.426530387,5.980837745,4.663783836,10.48063156,3.096971379,2.024862638,2.234818846,3.25237556,2.166482821,1.975040874,2.399992127,6.928602223,2.815463941,2.512858279,0.955974964,2.073581997,0,0,4.510745682,3.124006001,1.086091482,0.743414587,1.054407959,2.859320901,5.682232805,2.463306106,1.590021491,6.644887113,0,0,11.075704,0,2.694454843,0.391582083,0.592814011,0.341178563,1.100495841,1.153503774,5.832448906,5.412376031,10.03925915,0.195010407,0,21.67518754,4.254799479,1.430804703,1.103705261,0.862838865,2.906344607,4.389702796,1.013087229,3.864333936,0.503466284,7.427969478,1.490136278,0.726254813,1.239883555,1.361412175,89.78713118,18.86427365,52.13948807,37.64415163,63.93586183,153.7195015,262.3709064,3.501621942,0.34221451,0.071899259,0.198724351,0.143476852,0.243685029,0.585886231,0.414113769
Los Peñasquitos,LP,,large,south,LPM6,3.3,20,0.165,3.279058218,23.05087516,12.6783892,80.64154666,18.86427364,162.865086,262.3709064,0.570256311,4.558007327,1.619761371,1.843590336,1.672442611,16.2691547,3.481506987,5.479216965,6.014079475,9.084410912,6.834864641,4.198348611,18.74481278,3.174455412,2.426530387,5.980837745,4.663783836,10.48063156,3.096971379,2.024862638,2.234818846,3.25237556,2.166482821,1.975040874,2.399992127,6.928602223,2.815463941,2.512858279,0.955974964,2.073581997,0,0,4.510745682,3.124006001,1.086091482,0.743414587,1.054407959,2.859320901,5.682232805,2.463306106,1.590021491,6.644887113,0,0,11.075704,0,2.694454843,0.391582083,0.592814011,0.341178563,1.100495841,1.153503774,5.832448906,5.412376031,10.03925915,0.195010407,0,21.67518754,4.254799479,1.430804703,1.103705261,0.862838865,2.906344607,4.389702796,1.013087229,3.864333936,0.503466284,7.427969478,1.490136278,0.726254813,1.239883555,1.361412175,89.78713118,18.86427365,52.13948807,37.64415163,63.93586183,153.7195015,262.3709064,3.501621942,0.34221451,0.071899259,0.198724351,0.143476852,0.243685029,0.585886231,0.414113769
Los Peñasquitos,LP,,large,south,LPM7,2.8,18,0.155555556,3.152706312,21.89433139,13.371103,80.64154666,18.86427364,162.865086,262.3709064,0.570256311,4.558007327,1.619761371,1.843590336,1.672442611,16.2691547,3.481506987,5.479216965,6.014079475,9.084410912,6.834864641,4.198348611,18.74481278,3.174455412,2.426530387,5.980837745,4.663783836,10.48063156,3.096971379,2.024862638,2.234818846,3.25237556,2.166482821,1.975040874,2.399992127,6.928602223,2.815463941,2.512858279,0.955974964,2.073581997,0,0,4.510745682,3.124006001,1.086091482,0.743414587,1.054407959,2.859320901,5.682232805,2.463306106,1.590021491,6.644887113,0,0,11.075704,0,2.694454843,0.391582083,0.592814011,0.341178563,1.100495841,1.153503774,5.832448906,5.412376031,10.03925915,0.195010407,0,21.67518754,4.254799479,1.430804703,1.103705261,0.862838865,2.906344607,4.389702796,1.013087229,3.864333936,0.503466284,7.427969478,1.490136278,0.726254813,1.239883555,1.361412175,89.78713118,18.86427365,52.13948807,37.64415163,63.93586183,153.7195015,262.3709064,3.501621942,0.34221451,0.071899259,0.198724351,0.143476852,0.243685029,0.585886231,0.414113769
Los Peñasquitos,LP,,large,south,LPM8,3.3,20,0.165,3.279058218,19.66165255,12.500909,80.64154666,18.86427364,162.865086,262.3709064,0.570256311,4.558007327,1.619761371,1.843590336,1.672442611,16.2691547,3.481506987,5.479216965,6.014079475,9.084410912,6.834864641,4.198348611,18.74481278,3.174455412,2.426530387,5.980837745,4.663783836,10.48063156,3.096971379,2.024862638,2.234818846,3.25237556,2.166482821,1.975040874,2.399992127,6.928602223,2.815463941,2.512858279,0.955974964,2.073581997,0,0,4.510745682,3.124006001,1.086091482,0.743414587,1.054407959,2.859320901,5.682232805,2.463306106,1.590021491,6.644887113,0,0,11.075704,0,2.694454843,0.391582083,0.592814011,0.341178563,1.100495841,1.153503774,5.832448906,5.412376031,10.03925915,0.195010407,0,21.67518754,4.254799479,1.430804703,1.103705261,0.862838865,2.906344607,4.389702796,1.013087229,3.864333936,0.503466284,7.427969478,1.490136278,0.726254813,1.239883555,1.361412175,89.78713118,18.86427365,52.13948807,37.64415163,63.93586183,153.7195015,262.3709064,3.501621942,0.34221451,0.071899259,0.198724351,0.143476852,0.243685029,0.585886231,0.414113769
Los Peñasquitos,LP,,large,south,LPM9,3.4,20,0.17,3.344971683,15.4161824,11.8816553,80.64154666,18.86427364,162.865086,262.3709064,0.570256311,4.558007327,1.619761371,1.843590336,1.672442611,16.2691547,3.481506987,5.479216965,6.014079475,9.084410912,6.834864641,4.198348611,18.74481278,3.174455412,2.426530387,5.980837745,4.663783836,10.48063156,3.096971379,2.024862638,2.234818846,3.25237556,2.166482821,1.975040874,2.399992127,6.928602223,2.815463941,2.512858279,0.955974964,2.073581997,0,0,4.510745682,3.124006001,1.086091482,0.743414587,1.054407959,2.859320901,5.682232805,2.463306106,1.590021491,6.644887113,0,0,11.075704,0,2.694454843,0.391582083,0.592814011,0.341178563,1.100495841,1.153503774,5.832448906,5.412376031,10.03925915,0.195010407,0,21.67518754,4.254799479,1.430804703,1.103705261,0.862838865,2.906344607,4.389702796,1.013087229,3.864333936,0.503466284,7.427969478,1.490136278,0.726254813,1.239883555,1.361412175,89.78713118,18.86427365,52.13948807,37.64415163,63.93586183,153.7195015,262.3709064,3.501621942,0.34221451,0.071899259,0.198724351,0.143476852,0.243685029,0.585886231,0.414113769
Los Peñasquitos,LP,,large,south,LPM10,3,19,0.157894737,3.184233698,13.7381656,11.4118031,80.64154666,18.86427364,162.865086,262.3709064,0.570256311,4.558007327,1.619761371,1.843590336,1.672442611,16.2691547,3.481506987,5.479216965,6.014079475,9.084410912,6.834864641,4.198348611,18.74481278,3.174455412,2.426530387,5.980837745,4.663783836,10.48063156,3.096971379,2.024862638,2.234818846,3.25237556,2.166482821,1.975040874,2.399992127,6.928602223,2.815463941,2.512858279,0.955974964,2.073581997,0,0,4.510745682,3.124006001,1.086091482,0.743414587,1.054407959,2.859320901,5.682232805,2.463306106,1.590021491,6.644887113,0,0,11.075704,0,2.694454843,0.391582083,0.592814011,0.341178563,1.100495841,1.153503774,5.832448906,5.412376031,10.03925915,0.195010407,0,21.67518754,4.254799479,1.430804703,1.103705261,0.862838865,2.906344607,4.389702796,1.013087229,3.864333936,0.503466284,7.427969478,1.490136278,0.726254813,1.239883555,1.361412175,89.78713118,18.86427365,52.13948807,37.64415163,63.93586183,153.7195015,262.3709064,3.501621942,0.34221451,0.071899259,0.198724351,0.143476852,0.243685029,0.585886231,0.414113769
Lake Skinner,LS,April,small-LS,south,LSA1,2.9,20,0.145,3.008420223,15.13076407,7.419800192,82.7612916,17.09798831,291.4855731,391.344853,0.537343858,4.998198269,1.746976024,1.904280705,1.651558094,15.28902486,3.816905244,4.540580963,6.065379642,8.319863635,8.6961862,4.564731834,21.93483592,4.960080251,2.053071287,5.77882607,3.89590362,7.199980911,5.973976082,1.271619589,1.738346943,3.085240787,1.577964902,3.126051964,2.109499646,12.33158944,7.181942827,5.710007455,1.013048004,2.518753317,8.940334174,12.2706748,11.26332567,9.578412687,3.337535927,2.422408001,1.841615667,4.458624662,14.96905792,8.451253381,5.104192818,7.889563494,11.13315308,8.697205823,15.35838042,2.847022702,6.251668379,1.616753921,1.650858261,1.139270072,0.690099608,0.991025612,10.01263052,11.66387596,0,13.01273069,3.547826809,18.14039416,4.6614906,1.963229698,0.712769118,0.585932596,4.105572404,9.371374277,0.617081496,3.762709812,1.833743771,5.453056866,1.678319851,0.894512813,1.041162214,1.79223394,101.3816063,17.09798831,79.64393924,63.63429467,129.5870245,272.8652585,391.344853,5.396247998,0.259059511,0.043690336,0.203513445,0.162604144,0.331132564,0.697250153,0.302749847
Lake Skinner,LS,April,small-LS,south,LSA2,2.6,19,0.136842105,2.894496278,11.25222387,8.535972069,82.7612916,17.09798831,291.4855731,391.344853,0.537343858,4.998198269,1.746976024,1.904280705,1.651558094,15.28902486,3.816905244,4.540580963,6.065379642,8.319863635,8.6961862,4.564731834,21.93483592,4.960080251,2.053071287,5.77882607,3.89590362,7.199980911,5.973976082,1.271619589,1.738346943,3.085240787,1.577964902,3.126051964,2.109499646,12.33158944,7.181942827,5.710007455,1.013048004,2.518753317,8.940334174,12.2706748,11.26332567,9.578412687,3.337535927,2.422408001,1.841615667,4.458624662,14.96905792,8.451253381,5.104192818,7.889563494,11.13315308,8.697205823,15.35838042,2.847022702,6.251668379,1.616753921,1.650858261,1.139270072,0.690099608,0.991025612,10.01263052,11.66387596,0,13.01273069,3.547826809,18.14039416,4.6614906,1.963229698,0.712769118,0.585932596,4.105572404,9.371374277,0.617081496,3.762709812,1.833743771,5.453056866,1.678319851,0.894512813,1.041162214,1.79223394,101.3816063,17.09798831,79.64393924,63.63429467,129.5870245,272.8652585,391.344853,5.396247998,0.259059511,0.043690336,0.203513445,0.162604144,0.331132564,0.697250153,0.302749847
Lake Skinner,LS,April,small-LS,south,LSA3,2.4,20,0.12,2.65184007,13.4888541,8.087821763,82.7612916,17.09798831,291.4855731,391.344853,0.537343858,4.998198269,1.746976024,1.904280705,1.651558094,15.28902486,3.816905244,4.540580963,6.065379642,8.319863635,8.6961862,4.564731834,21.93483592,4.960080251,2.053071287,5.77882607,3.89590362,7.199980911,5.973976082,1.271619589,1.738346943,3.085240787,1.577964902,3.126051964,2.109499646,12.33158944,7.181942827,5.710007455,1.013048004,2.518753317,8.940334174,12.2706748,11.26332567,9.578412687,3.337535927,2.422408001,1.841615667,4.458624662,14.96905792,8.451253381,5.104192818,7.889563494,11.13315308,8.697205823,15.35838042,2.847022702,6.251668379,1.616753921,1.650858261,1.139270072,0.690099608,0.991025612,10.01263052,11.66387596,0,13.01273069,3.547826809,18.14039416,4.6614906,1.963229698,0.712769118,0.585932596,4.105572404,9.371374277,0.617081496,3.762709812,1.833743771,5.453056866,1.678319851,0.894512813,1.041162214,1.79223394,101.3816063,17.09798831,79.64393924,63.63429467,129.5870245,272.8652585,391.344853,5.396247998,0.259059511,0.043690336,0.203513445,0.162604144,0.331132564,0.697250153,0.302749847
Lake Skinner,LS,April,small-LS,south,LSA4,2.3,19,0.121052632,2.667325329,12.66862658,9.398560027,82.7612916,17.09798831,291.4855731,391.344853,0.537343858,4.998198269,1.746976024,1.904280705,1.651558094,15.28902486,3.816905244,4.540580963,6.065379642,8.319863635,8.6961862,4.564731834,21.93483592,4.960080251,2.053071287,5.77882607,3.89590362,7.199980911,5.973976082,1.271619589,1.738346943,3.085240787,1.577964902,3.126051964,2.109499646,12.33158944,7.181942827,5.710007455,1.013048004,2.518753317,8.940334174,12.2706748,11.26332567,9.578412687,3.337535927,2.422408001,1.841615667,4.458624662,14.96905792,8.451253381,5.104192818,7.889563494,11.13315308,8.697205823,15.35838042,2.847022702,6.251668379,1.616753921,1.650858261,1.139270072,0.690099608,0.991025612,10.01263052,11.66387596,0,13.01273069,3.547826809,18.14039416,4.6614906,1.963229698,0.712769118,0.585932596,4.105572404,9.371374277,0.617081496,3.762709812,1.833743771,5.453056866,1.678319851,0.894512813,1.041162214,1.79223394,101.3816063,17.09798831,79.64393924,63.63429467,129.5870245,272.8652585,391.344853,5.396247998,0.259059511,0.043690336,0.203513445,0.162604144,0.331132564,0.697250153,0.302749847
Lake Skinner,LS,April,small-LS,south,LSA5,2.4,20,0.12,2.65184007,12.77191712,8.847037517,82.7612916,17.09798831,291.4855731,391.344853,0.537343858,4.998198269,1.746976024,1.904280705,1.651558094,15.28902486,3.816905244,4.540580963,6.065379642,8.319863635,8.6961862,4.564731834,21.93483592,4.960080251,2.053071287,5.77882607,3.89590362,7.199980911,5.973976082,1.271619589,1.738346943,3.085240787,1.577964902,3.126051964,2.109499646,12.33158944,7.181942827,5.710007455,1.013048004,2.518753317,8.940334174,12.2706748,11.26332567,9.578412687,3.337535927,2.422408001,1.841615667,4.458624662,14.96905792,8.451253381,5.104192818,7.889563494,11.13315308,8.697205823,15.35838042,2.847022702,6.251668379,1.616753921,1.650858261,1.139270072,0.690099608,0.991025612,10.01263052,11.66387596,0,13.01273069,3.547826809,18.14039416,4.6614906,1.963229698,0.712769118,0.585932596,4.105572404,9.371374277,0.617081496,3.762709812,1.833743771,5.453056866,1.678319851,0.894512813,1.041162214,1.79223394,101.3816063,17.09798831,79.64393924,63.63429467,129.5870245,272.8652585,391.344853,5.396247998,0.259059511,0.043690336,0.203513445,0.162604144,0.331132564,0.697250153,0.302749847
Lake Skinner,LS,April,small-LS,south,LSA6,3.1,20,0.155,3.145195387,13.71659029,8.767915202,82.7612916,17.09798831,291.4855731,391.344853,0.537343858,4.998198269,1.746976024,1.904280705,1.651558094,15.28902486,3.816905244,4.540580963,6.065379642,8.319863635,8.6961862,4.564731834,21.93483592,4.960080251,2.053071287,5.77882607,3.89590362,7.199980911,5.973976082,1.271619589,1.738346943,3.085240787,1.577964902,3.126051964,2.109499646,12.33158944,7.181942827,5.710007455,1.013048004,2.518753317,8.940334174,12.2706748,11.26332567,9.578412687,3.337535927,2.422408001,1.841615667,4.458624662,14.96905792,8.451253381,5.104192818,7.889563494,11.13315308,8.697205823,15.35838042,2.847022702,6.251668379,1.616753921,1.650858261,1.139270072,0.690099608,0.991025612,10.01263052,11.66387596,0,13.01273069,3.547826809,18.14039416,4.6614906,1.963229698,0.712769118,0.585932596,4.105572404,9.371374277,0.617081496,3.762709812,1.833743771,5.453056866,1.678319851,0.894512813,1.041162214,1.79223394,101.3816063,17.09798831,79.64393924,63.63429467,129.5870245,272.8652585,391.344853,5.396247998,0.259059511,0.043690336,0.203513445,0.162604144,0.331132564,0.697250153,0.302749847
Lake Skinner,LS,April,small-LS,south,LSA7,2.2,19,0.115789474,2.589440196,12.49359298,8.13732663,82.7612916,17.09798831,291.4855731,391.344853,0.537343858,4.998198269,1.746976024,1.904280705,1.651558094,15.28902486,3.816905244,4.540580963,6.065379642,8.319863635,8.6961862,4.564731834,21.93483592,4.960080251,2.053071287,5.77882607,3.89590362,7.199980911,5.973976082,1.271619589,1.738346943,3.085240787,1.577964902,3.126051964,2.109499646,12.33158944,7.181942827,5.710007455,1.013048004,2.518753317,8.940334174,12.2706748,11.26332567,9.578412687,3.337535927,2.422408001,1.841615667,4.458624662,14.96905792,8.451253381,5.104192818,7.889563494,11.13315308,8.697205823,15.35838042,2.847022702,6.251668379,1.616753921,1.650858261,1.139270072,0.690099608,0.991025612,10.01263052,11.66387596,0,13.01273069,3.547826809,18.14039416,4.6614906,1.963229698,0.712769118,0.585932596,4.105572404,9.371374277,0.617081496,3.762709812,1.833743771,5.453056866,1.678319851,0.894512813,1.041162214,1.79223394,101.3816063,17.09798831,79.64393924,63.63429467,129.5870245,272.8652585,391.344853,5.396247998,0.259059511,0.043690336,0.203513445,0.162604144,0.331132564,0.697250153,0.302749847
Lake Skinner,LS,April,small-LS,south,LSA8,2.3,18,0.127777778,2.765222312,11.71873478,9.123031856,82.7612916,17.09798831,291.4855731,391.344853,0.537343858,4.998198269,1.746976024,1.904280705,1.651558094,15.28902486,3.816905244,4.540580963,6.065379642,8.319863635,8.6961862,4.564731834,21.93483592,4.960080251,2.053071287,5.77882607,3.89590362,7.199980911,5.973976082,1.271619589,1.738346943,3.085240787,1.577964902,3.126051964,2.109499646,12.33158944,7.181942827,5.710007455,1.013048004,2.518753317,8.940334174,12.2706748,11.26332567,9.578412687,3.337535927,2.422408001,1.841615667,4.458624662,14.96905792,8.451253381,5.104192818,7.889563494,11.13315308,8.697205823,15.35838042,2.847022702,6.251668379,1.616753921,1.650858261,1.139270072,0.690099608,0.991025612,10.01263052,11.66387596,0,13.01273069,3.547826809,18.14039416,4.6614906,1.963229698,0.712769118,0.585932596,4.105572404,9.371374277,0.617081496,3.762709812,1.833743771,5.453056866,1.678319851,0.894512813,1.041162214,1.79223394,101.3816063,17.09798831,79.64393924,63.63429467,129.5870245,272.8652585,391.344853,5.396247998,0.259059511,0.043690336,0.203513445,0.162604144,0.331132564,0.697250153,0.302749847
Lake Skinner,LS,April,small-LS,south,LSA9,2.3,20,0.115,2.577656593,15.66061621,9.097233872,82.7612916,17.09798831,291.4855731,391.344853,0.537343858,4.998198269,1.746976024,1.904280705,1.651558094,15.28902486,3.816905244,4.540580963,6.065379642,8.319863635,8.6961862,4.564731834,21.93483592,4.960080251,2.053071287,5.77882607,3.89590362,7.199980911,5.973976082,1.271619589,1.738346943,3.085240787,1.577964902,3.126051964,2.109499646,12.33158944,7.181942827,5.710007455,1.013048004,2.518753317,8.940334174,12.2706748,11.26332567,9.578412687,3.337535927,2.422408001,1.841615667,4.458624662,14.96905792,8.451253381,5.104192818,7.889563494,11.13315308,8.697205823,15.35838042,2.847022702,6.251668379,1.616753921,1.650858261,1.139270072,0.690099608,0.991025612,10.01263052,11.66387596,0,13.01273069,3.547826809,18.14039416,4.6614906,1.963229698,0.712769118,0.585932596,4.105572404,9.371374277,0.617081496,3.762709812,1.833743771,5.453056866,1.678319851,0.894512813,1.041162214,1.79223394,101.3816063,17.09798831,79.64393924,63.63429467,129.5870245,272.8652585,391.344853,5.396247998,0.259059511,0.043690336,0.203513445,0.162604144,0.331132564,0.697250153,0.302749847
Lake Skinner,LS,April,small-LS,south,LSA10,2.2,20,0.11,2.502389763,14.22395922,8.54201906,82.7612916,17.09798831,291.4855731,391.344853,0.537343858,4.998198269,1.746976024,1.904280705,1.651558094,15.28902486,3.816905244,4.540580963,6.065379642,8.319863635,8.6961862,4.564731834,21.93483592,4.960080251,2.053071287,5.77882607,3.89590362,7.199980911,5.973976082,1.271619589,1.738346943,3.085240787,1.577964902,3.126051964,2.109499646,12.33158944,7.181942827,5.710007455,1.013048004,2.518753317,8.940334174,12.2706748,11.26332567,9.578412687,3.337535927,2.422408001,1.841615667,4.458624662,14.96905792,8.451253381,5.104192818,7.889563494,11.13315308,8.697205823,15.35838042,2.847022702,6.251668379,1.616753921,1.650858261,1.139270072,0.690099608,0.991025612,10.01263052,11.66387596,0,13.01273069,3.547826809,18.14039416,4.6614906,1.963229698,0.712769118,0.585932596,4.105572404,9.371374277,0.617081496,3.762709812,1.833743771,5.453056866,1.678319851,0.894512813,1.041162214,1.79223394,101.3816063,17.09798831,79.64393924,63.63429467,129.5870245,272.8652585,391.344853,5.396247998,0.259059511,0.043690336,0.203513445,0.162604144,0.331132564,0.697250153,0.302749847
Mission Trails,MT,May,large,south,MTM1,2.9,20,0.145,3.008420223,13.37110298,10.64493626,72.75000212,17.13927,121.3161673,211.2054395,0.490388062,4.844930345,1.410697717,1.270373869,1.225590817,15.34136711,3.288438926,3.053287031,4.825946292,7.456566292,5.678914751,3.727677104,19.01214548,2.368454892,1.538960653,4.273863879,4.085336209,11.11698208,2.118116674,1.307514833,1.77041224,2.731414239,1.170479979,1.445288778,2.20682605,4.46348105,2.099135877,1.318510641,1.047029705,1.195048706,0.032685538,0.061209733,2.709920477,1.77703541,0.345344307,0.355453012,0.782071973,2.163998761,4.093165384,1.605911223,0.910512903,4.573716149,0.144983201,0.252305206,7.869738556,0.25309086,1.920955938,0.272519458,0.280487722,0.164287893,0.967872452,0.753001376,5.344283782,3.901575437,7.276155212,0.573594161,0,17.70044962,3.399283307,0.775840367,0.568190116,0.564709328,3.175571095,3.632297349,0.643809552,3.717732504,0.185099863,5.876916655,1.327526849,0.35249905,1.081484668,0.934972727,79.5242391,17.13927001,39.50505289,25.49343197,49.5434455,114.5419304,211.2054395,2.792715226,0.376525526,0.081149757,0.187045622,0.120704429,0.234574666,0.542324718,0.457675282
Mission Trails,MT,May,large,south,MTM2,2.9,19,0.152631579,3.113073893,17.19424961,11.29636452,72.75000212,17.13927,121.3161673,211.2054395,0.490388062,4.844930345,1.410697717,1.270373869,1.225590817,15.34136711,3.288438926,3.053287031,4.825946292,7.456566292,5.678914751,3.727677104,19.01214548,2.368454892,1.538960653,4.273863879,4.085336209,11.11698208,2.118116674,1.307514833,1.77041224,2.731414239,1.170479979,1.445288778,2.20682605,4.46348105,2.099135877,1.318510641,1.047029705,1.195048706,0.032685538,0.061209733,2.709920477,1.77703541,0.345344307,0.355453012,0.782071973,2.163998761,4.093165384,1.605911223,0.910512903,4.573716149,0.144983201,0.252305206,7.869738556,0.25309086,1.920955938,0.272519458,0.280487722,0.164287893,0.967872452,0.753001376,5.344283782,3.901575437,7.276155212,0.573594161,0,17.70044962,3.399283307,0.775840367,0.568190116,0.564709328,3.175571095,3.632297349,0.643809552,3.717732504,0.185099863,5.876916655,1.327526849,0.35249905,1.081484668,0.934972727,79.5242391,17.13927001,39.50505289,25.49343197,49.5434455,114.5419304,211.2054395,2.792715226,0.376525526,0.081149757,0.187045622,0.120704429,0.234574666,0.542324718,0.457675282
Mission Trails,MT,May,large,south,MTM3,2.4,20,0.12,2.65184007,18.90497602,12.53341016,72.75000212,17.13927,121.3161673,211.2054395,0.490388062,4.844930345,1.410697717,1.270373869,1.225590817,15.34136711,3.288438926,3.053287031,4.825946292,7.456566292,5.678914751,3.727677104,19.01214548,2.368454892,1.538960653,4.273863879,4.085336209,11.11698208,2.118116674,1.307514833,1.77041224,2.731414239,1.170479979,1.445288778,2.20682605,4.46348105,2.099135877,1.318510641,1.047029705,1.195048706,0.032685538,0.061209733,2.709920477,1.77703541,0.345344307,0.355453012,0.782071973,2.163998761,4.093165384,1.605911223,0.910512903,4.573716149,0.144983201,0.252305206,7.869738556,0.25309086,1.920955938,0.272519458,0.280487722,0.164287893,0.967872452,0.753001376,5.344283782,3.901575437,7.276155212,0.573594161,0,17.70044962,3.399283307,0.775840367,0.568190116,0.564709328,3.175571095,3.632297349,0.643809552,3.717732504,0.185099863,5.876916655,1.327526849,0.35249905,1.081484668,0.934972727,79.5242391,17.13927001,39.50505289,25.49343197,49.5434455,114.5419304,211.2054395,2.792715226,0.376525526,0.081149757,0.187045622,0.120704429,0.234574666,0.542324718,0.457675282
Mission Trails,MT,May,large,south,MTM4,3,19,0.157894737,3.184233698,11.84471132,13.43913192,72.75000212,17.13927,121.3161673,211.2054395,0.490388062,4.844930345,1.410697717,1.270373869,1.225590817,15.34136711,3.288438926,3.053287031,4.825946292,7.456566292,5.678914751,3.727677104,19.01214548,2.368454892,1.538960653,4.273863879,4.085336209,11.11698208,2.118116674,1.307514833,1.77041224,2.731414239,1.170479979,1.445288778,2.20682605,4.46348105,2.099135877,1.318510641,1.047029705,1.195048706,0.032685538,0.061209733,2.709920477,1.77703541,0.345344307,0.355453012,0.782071973,2.163998761,4.093165384,1.605911223,0.910512903,4.573716149,0.144983201,0.252305206,7.869738556,0.25309086,1.920955938,0.272519458,0.280487722,0.164287893,0.967872452,0.753001376,5.344283782,3.901575437,7.276155212,0.573594161,0,17.70044962,3.399283307,0.775840367,0.568190116,0.564709328,3.175571095,3.632297349,0.643809552,3.717732504,0.185099863,5.876916655,1.327526849,0.35249905,1.081484668,0.934972727,79.5242391,17.13927001,39.50505289,25.49343197,49.5434455,114.5419304,211.2054395,2.792715226,0.376525526,0.081149757,0.187045622,0.120704429,0.234574666,0.542324718,0.457675282
Mission Trails,MT,May,large,south,MTM5,2.6,19,0.136842105,2.894496278,14.7342561,12.94582966,72.75000212,17.13927,121.3161673,211.2054395,0.490388062,4.844930345,1.410697717,1.270373869,1.225590817,15.34136711,3.288438926,3.053287031,4.825946292,7.456566292,5.678914751,3.727677104,19.01214548,2.368454892,1.538960653,4.273863879,4.085336209,11.11698208,2.118116674,1.307514833,1.77041224,2.731414239,1.170479979,1.445288778,2.20682605,4.46348105,2.099135877,1.318510641,1.047029705,1.195048706,0.032685538,0.061209733,2.709920477,1.77703541,0.345344307,0.355453012,0.782071973,2.163998761,4.093165384,1.605911223,0.910512903,4.573716149,0.144983201,0.252305206,7.869738556,0.25309086,1.920955938,0.272519458,0.280487722,0.164287893,0.967872452,0.753001376,5.344283782,3.901575437,7.276155212,0.573594161,0,17.70044962,3.399283307,0.775840367,0.568190116,0.564709328,3.175571095,3.632297349,0.643809552,3.717732504,0.185099863,5.876916655,1.327526849,0.35249905,1.081484668,0.934972727,79.5242391,17.13927001,39.50505289,25.49343197,49.5434455,114.5419304,211.2054395,2.792715226,0.376525526,0.081149757,0.187045622,0.120704429,0.234574666,0.542324718,0.457675282
Mission Trails,MT,May,large,south,MTM6,2.9,20,0.145,3.008420223,17.4341713,11.81325085,72.75000212,17.13927,121.3161673,211.2054395,0.490388062,4.844930345,1.410697717,1.270373869,1.225590817,15.34136711,3.288438926,3.053287031,4.825946292,7.456566292,5.678914751,3.727677104,19.01214548,2.368454892,1.538960653,4.273863879,4.085336209,11.11698208,2.118116674,1.307514833,1.77041224,2.731414239,1.170479979,1.445288778,2.20682605,4.46348105,2.099135877,1.318510641,1.047029705,1.195048706,0.032685538,0.061209733,2.709920477,1.77703541,0.345344307,0.355453012,0.782071973,2.163998761,4.093165384,1.605911223,0.910512903,4.573716149,0.144983201,0.252305206,7.869738556,0.25309086,1.920955938,0.272519458,0.280487722,0.164287893,0.967872452,0.753001376,5.344283782,3.901575437,7.276155212,0.573594161,0,17.70044962,3.399283307,0.775840367,0.568190116,0.564709328,3.175571095,3.632297349,0.643809552,3.717732504,0.185099863,5.876916655,1.327526849,0.35249905,1.081484668,0.934972727,79.5242391,17.13927001,39.50505289,25.49343197,49.5434455,114.5419304,211.2054395,2.792715226,0.376525526,0.081149757,0.187045622,0.120704429,0.234574666,0.542324718,0.457675282
Mission Trails,MT,May,large,south,MTM7,2.9,20,0.145,3.008420223,19.63996032,13.20063245,72.75000212,17.13927,121.3161673,211.2054395,0.490388062,4.844930345,1.410697717,1.270373869,1.225590817,15.34136711,3.288438926,3.053287031,4.825946292,7.456566292,5.678914751,3.727677104,19.01214548,2.368454892,1.538960653,4.273863879,4.085336209,11.11698208,2.118116674,1.307514833,1.77041224,2.731414239,1.170479979,1.445288778,2.20682605,4.46348105,2.099135877,1.318510641,1.047029705,1.195048706,0.032685538,0.061209733,2.709920477,1.77703541,0.345344307,0.355453012,0.782071973,2.163998761,4.093165384,1.605911223,0.910512903,4.573716149,0.144983201,0.252305206,7.869738556,0.25309086,1.920955938,0.272519458,0.280487722,0.164287893,0.967872452,0.753001376,5.344283782,3.901575437,7.276155212,0.573594161,0,17.70044962,3.399283307,0.775840367,0.568190116,0.564709328,3.175571095,3.632297349,0.643809552,3.717732504,0.185099863,5.876916655,1.327526849,0.35249905,1.081484668,0.934972727,79.5242391,17.13927001,39.50505289,25.49343197,49.5434455,114.5419304,211.2054395,2.792715226,0.376525526,0.081149757,0.187045622,0.120704429,0.234574666,0.542324718,0.457675282
Mission Trails,MT,May,large,south,MTM8,2.8,20,0.14,2.938857455,20.33725616,13.63080073,72.75000212,17.13927,121.3161673,211.2054395,0.490388062,4.844930345,1.410697717,1.270373869,1.225590817,15.34136711,3.288438926,3.053287031,4.825946292,7.456566292,5.678914751,3.727677104,19.01214548,2.368454892,1.538960653,4.273863879,4.085336209,11.11698208,2.118116674,1.307514833,1.77041224,2.731414239,1.170479979,1.445288778,2.20682605,4.46348105,2.099135877,1.318510641,1.047029705,1.195048706,0.032685538,0.061209733,2.709920477,1.77703541,0.345344307,0.355453012,0.782071973,2.163998761,4.093165384,1.605911223,0.910512903,4.573716149,0.144983201,0.252305206,7.869738556,0.25309086,1.920955938,0.272519458,0.280487722,0.164287893,0.967872452,0.753001376,5.344283782,3.901575437,7.276155212,0.573594161,0,17.70044962,3.399283307,0.775840367,0.568190116,0.564709328,3.175571095,3.632297349,0.643809552,3.717732504,0.185099863,5.876916655,1.327526849,0.35249905,1.081484668,0.934972727,79.5242391,17.13927001,39.50505289,25.49343197,49.5434455,114.5419304,211.2054395,2.792715226,0.376525526,0.081149757,0.187045622,0.120704429,0.234574666,0.542324718,0.457675282
Mission Trails,MT,May,large,south,MTM9,2.8,20,0.14,2.938857455,19.28363521,12.98868067,72.75000212,17.13927,121.3161673,211.2054395,0.490388062,4.844930345,1.410697717,1.270373869,1.225590817,15.34136711,3.288438926,3.053287031,4.825946292,7.456566292,5.678914751,3.727677104,19.01214548,2.368454892,1.538960653,4.273863879,4.085336209,11.11698208,2.118116674,1.307514833,1.77041224,2.731414239,1.170479979,1.445288778,2.20682605,4.46348105,2.099135877,1.318510641,1.047029705,1.195048706,0.032685538,0.061209733,2.709920477,1.77703541,0.345344307,0.355453012,0.782071973,2.163998761,4.093165384,1.605911223,0.910512903,4.573716149,0.144983201,0.252305206,7.869738556,0.25309086,1.920955938,0.272519458,0.280487722,0.164287893,0.967872452,0.753001376,5.344283782,3.901575437,7.276155212,0.573594161,0,17.70044962,3.399283307,0.775840367,0.568190116,0.564709328,3.175571095,3.632297349,0.643809552,3.717732504,0.185099863,5.876916655,1.327526849,0.35249905,1.081484668,0.934972727,79.5242391,17.13927001,39.50505289,25.49343197,49.5434455,114.5419304,211.2054395,2.792715226,0.376525526,0.081149757,0.187045622,0.120704429,0.234574666,0.542324718,0.457675282
Mission Trails,MT,May,large,south,MTM10,2.5,20,0.125,2.725,20.03160577,15.01705758,72.75000212,17.13927,121.3161673,211.2054395,0.490388062,4.844930345,1.410697717,1.270373869,1.225590817,15.34136711,3.288438926,3.053287031,4.825946292,7.456566292,5.678914751,3.727677104,19.01214548,2.368454892,1.538960653,4.273863879,4.085336209,11.11698208,2.118116674,1.307514833,1.77041224,2.731414239,1.170479979,1.445288778,2.20682605,4.46348105,2.099135877,1.318510641,1.047029705,1.195048706,0.032685538,0.061209733,2.709920477,1.77703541,0.345344307,0.355453012,0.782071973,2.163998761,4.093165384,1.605911223,0.910512903,4.573716149,0.144983201,0.252305206,7.869738556,0.25309086,1.920955938,0.272519458,0.280487722,0.164287893,0.967872452,0.753001376,5.344283782,3.901575437,7.276155212,0.573594161,0,17.70044962,3.399283307,0.775840367,0.568190116,0.564709328,3.175571095,3.632297349,0.643809552,3.717732504,0.185099863,5.876916655,1.327526849,0.35249905,1.081484668,0.934972727,79.5242391,17.13927001,39.50505289,25.49343197,49.5434455,114.5419304,211.2054395,2.792715226,0.376525526,0.081149757,0.187045622,0.120704429,0.234574666,0.542324718,0.457675282
Sweet Water,SW,February,small-SW,south,SWF1,2.8,20,0.14,2.938857455,16.18737093,7.718634622,75.45154052,10.44204213,257.7293396,343.6229223,0.36625678,2.754831871,0.982076213,1.240833871,1.468187746,8.759189567,4.000724871,3.452689011,7.324126773,8.839719199,8.268144498,3.868151952,18.52353134,3.762294443,2.2093186,6.592773233,3.684283615,6.950568816,3.561807795,1.316595784,1.643143485,3.321895208,2.058546422,2.978435062,1.738683389,4.161870913,3.74020063,1.951229117,0.603001471,1.478952549,5.488399409,8.977175862,11.46770158,6.929219935,2.788150569,2.187284577,1.59946237,2.362819701,7.029820925,5.217999984,3.274850772,4.776245393,10.98148317,7.050994191,14.0328944,3.596091506,6.170724669,2.244374448,1.864603575,1.074459578,0.705264276,1.857627858,6.551649329,9.205018016,0,14.34654283,3.923942151,22.97405574,6.206278121,2.616077878,1.704754047,1.551145554,3.597413132,9.095888813,1.163264576,5.392567916,3.675421901,9.45994303,3.260122596,1.771736838,1.416216996,2.43116982,84.70427152,10.44204213,54.64924546,55.76175985,138.0656033,248.4766086,343.6229223,4.821396627,0.246503554,0.030388084,0.159038417,0.162276019,0.401793927,0.723108362,0.276891638
Sweet Water,SW,February,small-SW,south,SWF2,2.6,19,0.136842105,2.894496278,10.52359898,7.539614115,75.45154052,10.44204213,257.7293396,343.6229223,0.36625678,2.754831871,0.982076213,1.240833871,1.468187746,8.759189567,4.000724871,3.452689011,7.324126773,8.839719199,8.268144498,3.868151952,18.52353134,3.762294443,2.2093186,6.592773233,3.684283615,6.950568816,3.561807795,1.316595784,1.643143485,3.321895208,2.058546422,2.978435062,1.738683389,4.161870913,3.74020063,1.951229117,0.603001471,1.478952549,5.488399409,8.977175862,11.46770158,6.929219935,2.788150569,2.187284577,1.59946237,2.362819701,7.029820925,5.217999984,3.274850772,4.776245393,10.98148317,7.050994191,14.0328944,3.596091506,6.170724669,2.244374448,1.864603575,1.074459578,0.705264276,1.857627858,6.551649329,9.205018016,0,14.34654283,3.923942151,22.97405574,6.206278121,2.616077878,1.704754047,1.551145554,3.597413132,9.095888813,1.163264576,5.392567916,3.675421901,9.45994303,3.260122596,1.771736838,1.416216996,2.43116982,84.70427152,10.44204213,54.64924546,55.76175985,138.0656033,248.4766086,343.6229223,4.821396627,0.246503554,0.030388084,0.159038417,0.162276019,0.401793927,0.723108362,0.276891638
Sweet Water,SW,February,small-SW,south,SWF3,3,20,0.15,3.077187814,10.42308001,9.421250116,75.45154052,10.44204213,257.7293396,343.6229223,0.36625678,2.754831871,0.982076213,1.240833871,1.468187746,8.759189567,4.000724871,3.452689011,7.324126773,8.839719199,8.268144498,3.868151952,18.52353134,3.762294443,2.2093186,6.592773233,3.684283615,6.950568816,3.561807795,1.316595784,1.643143485,3.321895208,2.058546422,2.978435062,1.738683389,4.161870913,3.74020063,1.951229117,0.603001471,1.478952549,5.488399409,8.977175862,11.46770158,6.929219935,2.788150569,2.187284577,1.59946237,2.362819701,7.029820925,5.217999984,3.274850772,4.776245393,10.98148317,7.050994191,14.0328944,3.596091506,6.170724669,2.244374448,1.864603575,1.074459578,0.705264276,1.857627858,6.551649329,9.205018016,0,14.34654283,3.923942151,22.97405574,6.206278121,2.616077878,1.704754047,1.551145554,3.597413132,9.095888813,1.163264576,5.392567916,3.675421901,9.45994303,3.260122596,1.771736838,1.416216996,2.43116982,84.70427152,10.44204213,54.64924546,55.76175985,138.0656033,248.4766086,343.6229223,4.821396627,0.246503554,0.030388084,0.159038417,0.162276019,0.401793927,0.723108362,0.276891638
Sweet Water,SW,February,small-SW,south,SWF4,2.3,20,0.115,2.577656593,12.29534368,10.95912586,75.45154052,10.44204213,257.7293396,343.6229223,0.36625678,2.754831871,0.982076213,1.240833871,1.468187746,8.759189567,4.000724871,3.452689011,7.324126773,8.839719199,8.268144498,3.868151952,18.52353134,3.762294443,2.2093186,6.592773233,3.684283615,6.950568816,3.561807795,1.316595784,1.643143485,3.321895208,2.058546422,2.978435062,1.738683389,4.161870913,3.74020063,1.951229117,0.603001471,1.478952549,5.488399409,8.977175862,11.46770158,6.929219935,2.788150569,2.187284577,1.59946237,2.362819701,7.029820925,5.217999984,3.274850772,4.776245393,10.98148317,7.050994191,14.0328944,3.596091506,6.170724669,2.244374448,1.864603575,1.074459578,0.705264276,1.857627858,6.551649329,9.205018016,0,14.34654283,3.923942151,22.97405574,6.206278121,2.616077878,1.704754047,1.551145554,3.597413132,9.095888813,1.163264576,5.392567916,3.675421901,9.45994303,3.260122596,1.771736838,1.416216996,2.43116982,84.70427152,10.44204213,54.64924546,55.76175985,138.0656033,248.4766086,343.6229223,4.821396627,0.246503554,0.030388084,0.159038417,0.162276019,0.401793927,0.723108362,0.276891638
Sweet Water,SW,February,small-SW,south,SWF5,2.4,18,0.133333333,2.844803814,11.19439801,7.487682481,75.45154052,10.44204213,257.7293396,343.6229223,0.36625678,2.754831871,0.982076213,1.240833871,1.468187746,8.759189567,4.000724871,3.452689011,7.324126773,8.839719199,8.268144498,3.868151952,18.52353134,3.762294443,2.2093186,6.592773233,3.684283615,6.950568816,3.561807795,1.316595784,1.643143485,3.321895208,2.058546422,2.978435062,1.738683389,4.161870913,3.74020063,1.951229117,0.603001471,1.478952549,5.488399409,8.977175862,11.46770158,6.929219935,2.788150569,2.187284577,1.59946237,2.362819701,7.029820925,5.217999984,3.274850772,4.776245393,10.98148317,7.050994191,14.0328944,3.596091506,6.170724669,2.244374448,1.864603575,1.074459578,0.705264276,1.857627858,6.551649329,9.205018016,0,14.34654283,3.923942151,22.97405574,6.206278121,2.616077878,1.704754047,1.551145554,3.597413132,9.095888813,1.163264576,5.392567916,3.675421901,9.45994303,3.260122596,1.771736838,1.416216996,2.43116982,84.70427152,10.44204213,54.64924546,55.76175985,138.0656033,248.4766086,343.6229223,4.821396627,0.246503554,0.030388084,0.159038417,0.162276019,0.401793927,0.723108362,0.276891638
Sweet Water,SW,February,small-SW,south,SWF6,2.5,20,0.125,2.725,10.17212015,9.778908202,75.45154052,10.44204213,257.7293396,343.6229223,0.36625678,2.754831871,0.982076213,1.240833871,1.468187746,8.759189567,4.000724871,3.452689011,7.324126773,8.839719199,8.268144498,3.868151952,18.52353134,3.762294443,2.2093186,6.592773233,3.684283615,6.950568816,3.561807795,1.316595784,1.643143485,3.321895208,2.058546422,2.978435062,1.738683389,4.161870913,3.74020063,1.951229117,0.603001471,1.478952549,5.488399409,8.977175862,11.46770158,6.929219935,2.788150569,2.187284577,1.59946237,2.362819701,7.029820925,5.217999984,3.274850772,4.776245393,10.98148317,7.050994191,14.0328944,3.596091506,6.170724669,2.244374448,1.864603575,1.074459578,0.705264276,1.857627858,6.551649329,9.205018016,0,14.34654283,3.923942151,22.97405574,6.206278121,2.616077878,1.704754047,1.551145554,3.597413132,9.095888813,1.163264576,5.392567916,3.675421901,9.45994303,3.260122596,1.771736838,1.416216996,2.43116982,84.70427152,10.44204213,54.64924546,55.76175985,138.0656033,248.4766086,343.6229223,4.821396627,0.246503554,0.030388084,0.159038417,0.162276019,0.401793927,0.723108362,0.276891638
Sweet Water,SW,February,small-SW,south,SWF7,2.8,19,0.147368421,3.041091249,8.085827149,8.465213151,75.45154052,10.44204213,257.7293396,343.6229223,0.36625678,2.754831871,0.982076213,1.240833871,1.468187746,8.759189567,4.000724871,3.452689011,7.324126773,8.839719199,8.268144498,3.868151952,18.52353134,3.762294443,2.2093186,6.592773233,3.684283615,6.950568816,3.561807795,1.316595784,1.643143485,3.321895208,2.058546422,2.978435062,1.738683389,4.161870913,3.74020063,1.951229117,0.603001471,1.478952549,5.488399409,8.977175862,11.46770158,6.929219935,2.788150569,2.187284577,1.59946237,2.362819701,7.029820925,5.217999984,3.274850772,4.776245393,10.98148317,7.050994191,14.0328944,3.596091506,6.170724669,2.244374448,1.864603575,1.074459578,0.705264276,1.857627858,6.551649329,9.205018016,0,14.34654283,3.923942151,22.97405574,6.206278121,2.616077878,1.704754047,1.551145554,3.597413132,9.095888813,1.163264576,5.392567916,3.675421901,9.45994303,3.260122596,1.771736838,1.416216996,2.43116982,84.70427152,10.44204213,54.64924546,55.76175985,138.0656033,248.4766086,343.6229223,4.821396627,0.246503554,0.030388084,0.159038417,0.162276019,0.401793927,0.723108362,0.276891638
Sweet Water,SW,February,small-SW,south,SWF8,2.9,20,0.145,3.008420223,11.95498244,9.757703844,75.45154052,10.44204213,257.7293396,343.6229223,0.36625678,2.754831871,0.982076213,1.240833871,1.468187746,8.759189567,4.000724871,3.452689011,7.324126773,8.839719199,8.268144498,3.868151952,18.52353134,3.762294443,2.2093186,6.592773233,3.684283615,6.950568816,3.561807795,1.316595784,1.643143485,3.321895208,2.058546422,2.978435062,1.738683389,4.161870913,3.74020063,1.951229117,0.603001471,1.478952549,5.488399409,8.977175862,11.46770158,6.929219935,2.788150569,2.187284577,1.59946237,2.362819701,7.029820925,5.217999984,3.274850772,4.776245393,10.98148317,7.050994191,14.0328944,3.596091506,6.170724669,2.244374448,1.864603575,1.074459578,0.705264276,1.857627858,6.551649329,9.205018016,0,14.34654283,3.923942151,22.97405574,6.206278121,2.616077878,1.704754047,1.551145554,3.597413132,9.095888813,1.163264576,5.392567916,3.675421901,9.45994303,3.260122596,1.771736838,1.416216996,2.43116982,84.70427152,10.44204213,54.64924546,55.76175985,138.0656033,248.4766086,343.6229223,4.821396627,0.246503554,0.030388084,0.159038417,0.162276019,0.401793927,0.723108362,0.276891638
Sweet Water,SW,February,small-SW,south,SWF9,2.9,19,0.152631579,3.113073893,15.11638305,7.412231554,75.45154052,10.44204213,257.7293396,343.6229223,0.36625678,2.754831871,0.982076213,1.240833871,1.468187746,8.759189567,4.000724871,3.452689011,7.324126773,8.839719199,8.268144498,3.868151952,18.52353134,3.762294443,2.2093186,6.592773233,3.684283615,6.950568816,3.561807795,1.316595784,1.643143485,3.321895208,2.058546422,2.978435062,1.738683389,4.161870913,3.74020063,1.951229117,0.603001471,1.478952549,5.488399409,8.977175862,11.46770158,6.929219935,2.788150569,2.187284577,1.59946237,2.362819701,7.029820925,5.217999984,3.274850772,4.776245393,10.98148317,7.050994191,14.0328944,3.596091506,6.170724669,2.244374448,1.864603575,1.074459578,0.705264276,1.857627858,6.551649329,9.205018016,0,14.34654283,3.923942151,22.97405574,6.206278121,2.616077878,1.704754047,1.551145554,3.597413132,9.095888813,1.163264576,5.392567916,3.675421901,9.45994303,3.260122596,1.771736838,1.416216996,2.43116982,84.70427152,10.44204213,54.64924546,55.76175985,138.0656033,248.4766086,343.6229223,4.821396627,0.246503554,0.030388084,0.159038417,0.162276019,0.401793927,0.723108362,0.276891638
Sweet Water,SW,February,small-SW,south,SWF10,2.2,18,0.122222222,2.68447861,11.15878207,8.999873269,75.45154052,10.44204213,257.7293396,343.6229223,0.36625678,2.754831871,0.982076213,1.240833871,1.468187746,8.759189567,4.000724871,3.452689011,7.324126773,8.839719199,8.268144498,3.868151952,18.52353134,3.762294443,2.2093186,6.592773233,3.684283615,6.950568816,3.561807795,1.316595784,1.643143485,3.321895208,2.058546422,2.978435062,1.738683389,4.161870913,3.74020063,1.951229117,0.603001471,1.478952549,5.488399409,8.977175862,11.46770158,6.929219935,2.788150569,2.187284577,1.59946237,2.362819701,7.029820925,5.217999984,3.274850772,4.776245393,10.98148317,7.050994191,14.0328944,3.596091506,6.170724669,2.244374448,1.864603575,1.074459578,0.705264276,1.857627858,6.551649329,9.205018016,0,14.34654283,3.923942151,22.97405574,6.206278121,2.616077878,1.704754047,1.551145554,3.597413132,9.095888813,1.163264576,5.392567916,3.675421901,9.45994303,3.260122596,1.771736838,1.416216996,2.43116982,84.70427152,10.44204213,54.64924546,55.76175985,138.0656033,248.4766086,343.6229223,4.821396627,0.246503554,0.030388084,0.159038417,0.162276019,0.401793927,0.723108362,0.276891638
Ukiah,UK,February,large,north,UKF1,2.7,19,0.142105263,2.968246332,21.13910047,13.5887483,60.34520945,11.47549331,287.4808748,359.3015776,0.306375886,2.828675444,0.773743332,1.111105907,1.649798671,9.582526035,2.856841533,3.980057259,5.532999522,7.964523978,5.089471118,2.029208002,13.26572012,1.639690325,1.542410222,3.03958442,2.646032889,7.840440782,1.321298272,1.58659139,1.826675256,1.985877349,1.848565216,1.908761922,1.732919157,2.897223455,1.263756214,0.215519881,0.726875641,1.933716828,0,0,6.086247929,2.486135991,0.700195393,0.918710455,1.019759054,1.359841125,2.909786083,2.169627314,0.169735863,7.968141626,0,0,25.39321708,0,5.696062648,1.964318487,1.569872106,1.871057786,2.140175116,4.669363399,5.89876367,7.705271847,16.65267517,0,0,67.90059669,14.69431656,5.446263217,5.907077381,4.844740236,4.138175776,9.881137391,3.368873424,9.397233368,0.826106252,26.32567606,7.328691369,3.142917685,1.313298767,2.510529267,65.13984477,11.47549331,40.57176882,60.55900575,181.555465,282.6862395,359.3015776,5.261491662,0.181295738,0.031938333,0.112918427,0.168546451,0.505301051,0.786765929,0.213234071
Ukiah,UK,February,large,north,UKF2,3.1,21,0.147619048,3.044538227,22.33288003,9.487530447,60.34520945,11.47549331,287.4808748,359.3015776,0.306375886,2.828675444,0.773743332,1.111105907,1.649798671,9.582526035,2.856841533,3.980057259,5.532999522,7.964523978,5.089471118,2.029208002,13.26572012,1.639690325,1.542410222,3.03958442,2.646032889,7.840440782,1.321298272,1.58659139,1.826675256,1.985877349,1.848565216,1.908761922,1.732919157,2.897223455,1.263756214,0.215519881,0.726875641,1.933716828,0,0,6.086247929,2.486135991,0.700195393,0.918710455,1.019759054,1.359841125,2.909786083,2.169627314,0.169735863,7.968141626,0,0,25.39321708,0,5.696062648,1.964318487,1.569872106,1.871057786,2.140175116,4.669363399,5.89876367,7.705271847,16.65267517,0,0,67.90059669,14.69431656,5.446263217,5.907077381,4.844740236,4.138175776,9.881137391,3.368873424,9.397233368,0.826106252,26.32567606,7.328691369,3.142917685,1.313298767,2.510529267,65.13984477,11.47549331,40.57176882,60.55900575,181.555465,282.6862395,359.3015776,5.261491662,0.181295738,0.031938333,0.112918427,0.168546451,0.505301051,0.786765929,0.213234071
Ukiah,UK,February,large,north,UKF3,3,17,0.176470588,3.429320322,20.03484626,11.44845302,60.34520945,11.47549331,287.4808748,359.3015776,0.306375886,2.828675444,0.773743332,1.111105907,1.649798671,9.582526035,2.856841533,3.980057259,5.532999522,7.964523978,5.089471118,2.029208002,13.26572012,1.639690325,1.542410222,3.03958442,2.646032889,7.840440782,1.321298272,1.58659139,1.826675256,1.985877349,1.848565216,1.908761922,1.732919157,2.897223455,1.263756214,0.215519881,0.726875641,1.933716828,0,0,6.086247929,2.486135991,0.700195393,0.918710455,1.019759054,1.359841125,2.909786083,2.169627314,0.169735863,7.968141626,0,0,25.39321708,0,5.696062648,1.964318487,1.569872106,1.871057786,2.140175116,4.669363399,5.89876367,7.705271847,16.65267517,0,0,67.90059669,14.69431656,5.446263217,5.907077381,4.844740236,4.138175776,9.881137391,3.368873424,9.397233368,0.826106252,26.32567606,7.328691369,3.142917685,1.313298767,2.510529267,65.13984477,11.47549331,40.57176882,60.55900575,181.555465,282.6862395,359.3015776,5.261491662,0.181295738,0.031938333,0.112918427,0.168546451,0.505301051,0.786765929,0.213234071
Ukiah,UK,February,large,north,UKF4,3.4,20,0.17,3.344971683,24.53449489,16.0843275,60.34520945,11.47549331,287.4808748,359.3015776,0.306375886,2.828675444,0.773743332,1.111105907,1.649798671,9.582526035,2.856841533,3.980057259,5.532999522,7.964523978,5.089471118,2.029208002,13.26572012,1.639690325,1.542410222,3.03958442,2.646032889,7.840440782,1.321298272,1.58659139,1.826675256,1.985877349,1.848565216,1.908761922,1.732919157,2.897223455,1.263756214,0.215519881,0.726875641,1.933716828,0,0,6.086247929,2.486135991,0.700195393,0.918710455,1.019759054,1.359841125,2.909786083,2.169627314,0.169735863,7.968141626,0,0,25.39321708,0,5.696062648,1.964318487,1.569872106,1.871057786,2.140175116,4.669363399,5.89876367,7.705271847,16.65267517,0,0,67.90059669,14.69431656,5.446263217,5.907077381,4.844740236,4.138175776,9.881137391,3.368873424,9.397233368,0.826106252,26.32567606,7.328691369,3.142917685,1.313298767,2.510529267,65.13984477,11.47549331,40.57176882,60.55900575,181.555465,282.6862395,359.3015776,5.261491662,0.181295738,0.031938333,0.112918427,0.168546451,0.505301051,0.786765929,0.213234071
Ukiah,UK,February,large,north,UKF5,3.7,20,0.185,3.538949105,28.28389373,12.96917334,60.34520945,11.47549331,287.4808748,359.3015776,0.306375886,2.828675444,0.773743332,1.111105907,1.649798671,9.582526035,2.856841533,3.980057259,5.532999522,7.964523978,5.089471118,2.029208002,13.26572012,1.639690325,1.542410222,3.03958442,2.646032889,7.840440782,1.321298272,1.58659139,1.826675256,1.985877349,1.848565216,1.908761922,1.732919157,2.897223455,1.263756214,0.215519881,0.726875641,1.933716828,0,0,6.086247929,2.486135991,0.700195393,0.918710455,1.019759054,1.359841125,2.909786083,2.169627314,0.169735863,7.968141626,0,0,25.39321708,0,5.696062648,1.964318487,1.569872106,1.871057786,2.140175116,4.669363399,5.89876367,7.705271847,16.65267517,0,0,67.90059669,14.69431656,5.446263217,5.907077381,4.844740236,4.138175776,9.881137391,3.368873424,9.397233368,0.826106252,26.32567606,7.328691369,3.142917685,1.313298767,2.510529267,65.13984477,11.47549331,40.57176882,60.55900575,181.555465,282.6862395,359.3015776,5.261491662,0.181295738,0.031938333,0.112918427,0.168546451,0.505301051,0.786765929,0.213234071
Ukiah,UK,February,large,north,UKF6,3,18,0.166666667,3.301102415,24.01881328,13.45555336,60.34520945,11.47549331,287.4808748,359.3015776,0.306375886,2.828675444,0.773743332,1.111105907,1.649798671,9.582526035,2.856841533,3.980057259,5.532999522,7.964523978,5.089471118,2.029208002,13.26572012,1.639690325,1.542410222,3.03958442,2.646032889,7.840440782,1.321298272,1.58659139,1.826675256,1.985877349,1.848565216,1.908761922,1.732919157,2.897223455,1.263756214,0.215519881,0.726875641,1.933716828,0,0,6.086247929,2.486135991,0.700195393,0.918710455,1.019759054,1.359841125,2.909786083,2.169627314,0.169735863,7.968141626,0,0,25.39321708,0,5.696062648,1.964318487,1.569872106,1.871057786,2.140175116,4.669363399,5.89876367,7.705271847,16.65267517,0,0,67.90059669,14.69431656,5.446263217,5.907077381,4.844740236,4.138175776,9.881137391,3.368873424,9.397233368,0.826106252,26.32567606,7.328691369,3.142917685,1.313298767,2.510529267,65.13984477,11.47549331,40.57176882,60.55900575,181.555465,282.6862395,359.3015776,5.261491662,0.181295738,0.031938333,0.112918427,0.168546451,0.505301051,0.786765929,0.213234071
Ukiah,UK,February,large,north,UKF7,3.7,21,0.176190476,3.425690452,19.38912418,14.07096521,60.34520945,11.47549331,287.4808748,359.3015776,0.306375886,2.828675444,0.773743332,1.111105907,1.649798671,9.582526035,2.856841533,3.980057259,5.532999522,7.964523978,5.089471118,2.029208002,13.26572012,1.639690325,1.542410222,3.03958442,2.646032889,7.840440782,1.321298272,1.58659139,1.826675256,1.985877349,1.848565216,1.908761922,1.732919157,2.897223455,1.263756214,0.215519881,0.726875641,1.933716828,0,0,6.086247929,2.486135991,0.700195393,0.918710455,1.019759054,1.359841125,2.909786083,2.169627314,0.169735863,7.968141626,0,0,25.39321708,0,5.696062648,1.964318487,1.569872106,1.871057786,2.140175116,4.669363399,5.89876367,7.705271847,16.65267517,0,0,67.90059669,14.69431656,5.446263217,5.907077381,4.844740236,4.138175776,9.881137391,3.368873424,9.397233368,0.826106252,26.32567606,7.328691369,3.142917685,1.313298767,2.510529267,65.13984477,11.47549331,40.57176882,60.55900575,181.555465,282.6862395,359.3015776,5.261491662,0.181295738,0.031938333,0.112918427,0.168546451,0.505301051,0.786765929,0.213234071
Ukiah,UK,February,large,north,UKF8,3.5,21,0.166666667,3.301102415,18.13941,10.34446026,60.34520945,11.47549331,287.4808748,359.3015776,0.306375886,2.828675444,0.773743332,1.111105907,1.649798671,9.582526035,2.856841533,3.980057259,5.532999522,7.964523978,5.089471118,2.029208002,13.26572012,1.639690325,1.542410222,3.03958442,2.646032889,7.840440782,1.321298272,1.58659139,1.826675256,1.985877349,1.848565216,1.908761922,1.732919157,2.897223455,1.263756214,0.215519881,0.726875641,1.933716828,0,0,6.086247929,2.486135991,0.700195393,0.918710455,1.019759054,1.359841125,2.909786083,2.169627314,0.169735863,7.968141626,0,0,25.39321708,0,5.696062648,1.964318487,1.569872106,1.871057786,2.140175116,4.669363399,5.89876367,7.705271847,16.65267517,0,0,67.90059669,14.69431656,5.446263217,5.907077381,4.844740236,4.138175776,9.881137391,3.368873424,9.397233368,0.826106252,26.32567606,7.328691369,3.142917685,1.313298767,2.510529267,65.13984477,11.47549331,40.57176882,60.55900575,181.555465,282.6862395,359.3015776,5.261491662,0.181295738,0.031938333,0.112918427,0.168546451,0.505301051,0.786765929,0.213234071
Ukiah,UK,February,large,north,UKF9,3.4,20,0.17,3.344971683,22.34806679,13.77109448,60.34520945,11.47549331,287.4808748,359.3015776,0.306375886,2.828675444,0.773743332,1.111105907,1.649798671,9.582526035,2.856841533,3.980057259,5.532999522,7.964523978,5.089471118,2.029208002,13.26572012,1.639690325,1.542410222,3.03958442,2.646032889,7.840440782,1.321298272,1.58659139,1.826675256,1.985877349,1.848565216,1.908761922,1.732919157,2.897223455,1.263756214,0.215519881,0.726875641,1.933716828,0,0,6.086247929,2.486135991,0.700195393,0.918710455,1.019759054,1.359841125,2.909786083,2.169627314,0.169735863,7.968141626,0,0,25.39321708,0,5.696062648,1.964318487,1.569872106,1.871057786,2.140175116,4.669363399,5.89876367,7.705271847,16.65267517,0,0,67.90059669,14.69431656,5.446263217,5.907077381,4.844740236,4.138175776,9.881137391,3.368873424,9.397233368,0.826106252,26.32567606,7.328691369,3.142917685,1.313298767,2.510529267,65.13984477,11.47549331,40.57176882,60.55900575,181.555465,282.6862395,359.3015776,5.261491662,0.181295738,0.031938333,0.112918427,0.168546451,0.505301051,0.786765929,0.213234071
Ukiah,UK,February,large,north,UKF10,3.7,19,0.194736842,3.662058237,20.77613769,15.32569366,60.34520945,11.47549331,287.4808748,359.3015776,0.306375886,2.828675444,0.773743332,1.111105907,1.649798671,9.582526035,2.856841533,3.980057259,5.532999522,7.964523978,5.089471118,2.029208002,13.26572012,1.639690325,1.542410222,3.03958442,2.646032889,7.840440782,1.321298272,1.58659139,1.826675256,1.985877349,1.848565216,1.908761922,1.732919157,2.897223455,1.263756214,0.215519881,0.726875641,1.933716828,0,0,6.086247929,2.486135991,0.700195393,0.918710455,1.019759054,1.359841125,2.909786083,2.169627314,0.169735863,7.968141626,0,0,25.39321708,0,5.696062648,1.964318487,1.569872106,1.871057786,2.140175116,4.669363399,5.89876367,7.705271847,16.65267517,0,0,67.90059669,14.69431656,5.446263217,5.907077381,4.844740236,4.138175776,9.881137391,3.368873424,9.397233368,0.826106252,26.32567606,7.328691369,3.142917685,1.313298767,2.510529267,65.13984477,11.47549331,40.57176882,60.55900575,181.555465,282.6862395,359.3015776,5.261491662,0.181295738,0.031938333,0.112918427,0.168546451,0.505301051,0.786765929,0.213234071
